This is pdfTeX, Version 3.141592653-2.6-1.40.29 (MiKTeX 26.5) (preloaded format=pdflatex 2026.7.30)  8 AUG 2026 21:02
entering extended mode
 restricted \write18 enabled.
 file:line:error style messages enabled.
 %&-line parsing enabled.
**./Procotolo_deRevisao_import.tex
(Procotolo_deRevisao_import.tex
LaTeX2e <2026-06-01>
L3 programming layer <2026-06-18>
Procotolo_deRevisao_import.tex:23: Undefined control sequence.
l.23 \addbibresource
                    {../Revisão_Bibliográfica/referencias.bib}
The control sequence at the end of the top line
of your error message was never \def'ed. If you have
misspelled it (e.g., `\hobx'), type `I' and the correct
spelling (e.g., `I\hbox'). Otherwise just continue,
and I'll forget about whatever was undefined.


Procotolo_deRevisao_import.tex:23: LaTeX Error: Missing \begin{document}.

See the LaTeX manual or LaTeX Companion for explanation.
Type  H <return>  for immediate help.
 ...                                              
                                                  
l.23 \addbibresource{.
                      ./Revisão_Bibliográfica/referencias.bib}
You're in trouble here.  Try typing  <return>  to proceed.
If that doesn't work, type  X <return>  to quit.

Missing character: There is no . in font nullfont!
Missing character: There is no . in font nullfont!
Missing character: There is no / in font nullfont!
Missing character: There is no R in font nullfont!
Missing character: There is no e in font nullfont!
Missing character: There is no v in font nullfont!
Missing character: There is no i in font nullfont!
Missing character: There is no s in font nullfont!
LaTeX Font Info:    Trying to load font information for +cmr on input line 23.
LaTeX Font Info:    No file cmr.fd. on input line 23.

LaTeX Font Warning: Font shape `/cmr/m/n' undefined
(Font)              using `/cmr/m/n' instead on input line 23.

Procotolo_deRevisao_import.tex:23: Corrupted NFSS tables.
wrong@fontshape ...message {Corrupted NFSS tables}
                                                  error@fontshape else let f...
l.23 \addbibresource{../Revisã
                               o_Bibliográfica/referencias.bib}
This error message was generated by an \errmessage
command, so I can't give any explicit help.
Pretend that you're Hercule Poirot: Examine all clues,
and deduce the truth by order and method.


LaTeX Font Warning: Font shape `/cmr/m/n' undefined
(Font)              using `OT1/cmr/m/n' instead on input line 23.

Missing character: There is no o in font nullfont!
Procotolo_deRevisao_import.tex:23: Missing $ inserted.
<inserted text> 
                $
l.23 \addbibresource{../Revisão_
                                 Bibliográfica/referencias.bib}
I've inserted a begin-math/end-math symbol since I think
you left one out. Proceed, with fingers crossed.

LaTeX Font Info:    External font `cmex10' loaded for size
(Font)              <7> on input line 23.
LaTeX Font Info:    External font `cmex10' loaded for size
(Font)              <5> on input line 23.

LaTeX Warning: Command \' invalid in math mode on input line 23.


LaTeX Warning: Command \' invalid in math mode on input line 23.

Procotolo_deRevisao_import.tex:23: Please use \mathaccent for accents in math mode.
\add@accent ... \let \ignorespaces \relax \accent 
                                                  #1 #2\egroup \ifmmode \els...
l.23 \addbibresource{../Revisão_Bibliográ
                                           fica/referencias.bib}
I'm changing \accent to \mathaccent here; wish me luck.
(Accents are not the same in formulas as they are in text.)

Procotolo_deRevisao_import.tex:23: Missing { inserted.
<to be read again> 
                   \edef 
l.23 \addbibresource{../Revisão_Bibliográ
                                           fica/referencias.bib}
A left brace was mandatory here, so I've put one in.
You might want to delete and/or insert some corrections
so that I will find a matching right brace soon.
(If you're confused by all this, try typing `I}' now.)

Procotolo_deRevisao_import.tex:24: Missing $ inserted.
<inserted text> 
                $
l.24 
     
I've inserted a begin-math/end-math symbol since I think
you left one out. Proceed, with fingers crossed.


Overfull \hbox (163.40176pt too wide) in paragraph at lines 23--24
[]\/cmr/m/n/10 ~a$[]\OML/cmm/m/it/10 ibliogr[]$ 
 []

Procotolo_deRevisao_import.tex:25: Undefined control sequence.
l.25 \geometry
              {left=2.5cm, right=2.5cm, top=2.5cm, bottom=2.5cm}
The control sequence at the end of the top line
of your error message was never \def'ed. If you have
misspelled it (e.g., `\hobx'), type `I' and the correct
spelling (e.g., `I\hbox'). Otherwise just continue,
and I'll forget about whatever was undefined.


Procotolo_deRevisao_import.tex:25: LaTeX Error: Missing \begin{document}.

See the LaTeX manual or LaTeX Companion for explanation.
Type  H <return>  for immediate help.
 ...                                              
                                                  
l.25 \geometry{l
                eft=2.5cm, right=2.5cm, top=2.5cm, bottom=2.5cm}
You're in trouble here.  Try typing  <return>  to proceed.
If that doesn't work, type  X <return>  to quit.

Missing character: There is no l in font nullfont!
Missing character: There is no e in font nullfont!
Missing character: There is no f in font nullfont!
Missing character: There is no t in font nullfont!
Missing character: There is no = in font nullfont!
Missing character: There is no 2 in font nullfont!
Missing character: There is no . in font nullfont!
Missing character: There is no 5 in font nullfont!
Missing character: There is no c in font nullfont!
Missing character: There is no m in font nullfont!
Missing character: There is no , in font nullfont!
Missing character: There is no r in font nullfont!
Missing character: There is no i in font nullfont!
Missing character: There is no g in font nullfont!
Missing character: There is no h in font nullfont!
Missing character: There is no t in font nullfont!
Missing character: There is no = in font nullfont!
Missing character: There is no 2 in font nullfont!
Missing character: There is no . in font nullfont!
Missing character: There is no 5 in font nullfont!
Missing character: There is no c in font nullfont!
Missing character: There is no m in font nullfont!
Missing character: There is no , in font nullfont!
Missing character: There is no t in font nullfont!
Missing character: There is no o in font nullfont!
Missing character: There is no p in font nullfont!
Missing character: There is no = in font nullfont!
Missing character: There is no 2 in font nullfont!
Missing character: There is no . in font nullfont!
Missing character: There is no 5 in font nullfont!
Missing character: There is no c in font nullfont!
Missing character: There is no m in font nullfont!
Missing character: There is no , in font nullfont!
Missing character: There is no b in font nullfont!
Missing character: There is no o in font nullfont!
Missing character: There is no t in font nullfont!
Missing character: There is no t in font nullfont!
Missing character: There is no o in font nullfont!
Missing character: There is no m in font nullfont!
Missing character: There is no = in font nullfont!
Missing character: There is no 2 in font nullfont!
Missing character: There is no . in font nullfont!
Missing character: There is no 5 in font nullfont!
Missing character: There is no c in font nullfont!
Missing character: There is no m in font nullfont!
Procotolo_deRevisao_import.tex:26: Undefined control sequence.
l.26 \setstretch
                {1.15}
The control sequence at the end of the top line
of your error message was never \def'ed. If you have
misspelled it (e.g., `\hobx'), type `I' and the correct
spelling (e.g., `I\hbox'). Otherwise just continue,
and I'll forget about whatever was undefined.

Missing character: There is no 1 in font nullfont!
Missing character: There is no . in font nullfont!
Missing character: There is no 1 in font nullfont!
Missing character: There is no 5 in font nullfont!

Overfull \hbox (20.0pt too wide) in paragraph at lines 25--27
[]
 []

Procotolo_deRevisao_import.tex:63: Undefined control sequence.
l.63 \newcolumntype
                   {Y}{>{\raggedright\arraybackslash}X}
The control sequence at the end of the top line
of your error message was never \def'ed. If you have
misspelled it (e.g., `\hobx'), type `I' and the correct
spelling (e.g., `I\hbox'). Otherwise just continue,
and I'll forget about whatever was undefined.


Procotolo_deRevisao_import.tex:63: LaTeX Error: Missing \begin{document}.

See the LaTeX manual or LaTeX Companion for explanation.
Type  H <return>  for immediate help.
 ...                                              
                                                  
l.63 \newcolumntype{Y
                     }{>{\raggedright\arraybackslash}X}
You're in trouble here.  Try typing  <return>  to proceed.
If that doesn't work, type  X <return>  to quit.

Missing character: There is no Y in font nullfont!
Missing character: There is no > in font nullfont!
Procotolo_deRevisao_import.tex:63: Undefined control sequence.
l.63 ...olumntype{Y}{>{\raggedright\arraybackslash
                                                  }X}
The control sequence at the end of the top line
of your error message was never \def'ed. If you have
misspelled it (e.g., `\hobx'), type `I' and the correct
spelling (e.g., `I\hbox'). Otherwise just continue,
and I'll forget about whatever was undefined.

Missing character: There is no X in font nullfont!
Procotolo_deRevisao_import.tex:64: Undefined control sequence.
l.64 \newcolumntype
                   {P}[1]{>{\raggedright\arraybackslash}p{#1}}
The control sequence at the end of the top line
of your error message was never \def'ed. If you have
misspelled it (e.g., `\hobx'), type `I' and the correct
spelling (e.g., `I\hbox'). Otherwise just continue,
and I'll forget about whatever was undefined.

Missing character: There is no P in font nullfont!
Missing character: There is no [ in font nullfont!
Missing character: There is no 1 in font nullfont!
Missing character: There is no ] in font nullfont!
Missing character: There is no > in font nullfont!
Procotolo_deRevisao_import.tex:64: Undefined control sequence.
l.64 ...mntype{P}[1]{>{\raggedright\arraybackslash
                                                  }p{#1}}
The control sequence at the end of the top line
of your error message was never \def'ed. If you have
misspelled it (e.g., `\hobx'), type `I' and the correct
spelling (e.g., `I\hbox'). Otherwise just continue,
and I'll forget about whatever was undefined.

Missing character: There is no p in font nullfont!
Procotolo_deRevisao_import.tex:64: You can't use `macro parameter character #' in horizontal mode.
l.64 ...pe{P}[1]{>{\raggedright\arraybackslash}p{#
                                                  1}}
Sorry, but I'm not programmed to handle this case;
I'll just pretend that you didn't ask for it.
If you're in the wrong mode, you might be able to
return to the right one by typing `I}' or `I$' or `I\par'.

Missing character: There is no 1 in font nullfont!
Procotolo_deRevisao_import.tex:65: Undefined control sequence.
l.65 \newcolumntype
                   {C}[1]{>{\centering\arraybackslash}p{#1}}
The control sequence at the end of the top line
of your error message was never \def'ed. If you have
misspelled it (e.g., `\hobx'), type `I' and the correct
spelling (e.g., `I\hbox'). Otherwise just continue,
and I'll forget about whatever was undefined.

Missing character: There is no C in font nullfont!
Missing character: There is no [ in font nullfont!
Missing character: There is no 1 in font nullfont!
Missing character: There is no ] in font nullfont!
Missing character: There is no > in font nullfont!
Procotolo_deRevisao_import.tex:65: Undefined control sequence.
l.65 ...lumntype{C}[1]{>{\centering\arraybackslash
                                                  }p{#1}}
The control sequence at the end of the top line
of your error message was never \def'ed. If you have
misspelled it (e.g., `\hobx'), type `I' and the correct
spelling (e.g., `I\hbox'). Otherwise just continue,
and I'll forget about whatever was undefined.

Missing character: There is no p in font nullfont!
Procotolo_deRevisao_import.tex:65: You can't use `macro parameter character #' in horizontal mode.
l.65 ...type{C}[1]{>{\centering\arraybackslash}p{#
                                                  1}}
Sorry, but I'm not programmed to handle this case;
I'll just pretend that you didn't ask for it.
If you're in the wrong mode, you might be able to
return to the right one by typing `I}' or `I$' or `I\par'.

Missing character: There is no 1 in font nullfont!

Overfull \hbox (20.0pt too wide) in paragraph at lines 63--66
[]
 []

\c@artigoIncluido=\count276
\c@artigoExcluido=\count277
\c@artigoAvaliado=\count278
(C:\Users\Noedson\AppData\Local\Programs\MiKTeX\tex/latex/l3backend\l3backend-pdftex.def
File: l3backend-pdftex.def 2026-02-18 L3 backend support: PDF output (pdfTeX)
\l__color_backend_stack_int=\count279
) (Procotolo_deRevisao_import.aux)
\openout1 = `Procotolo_deRevisao_import.aux'.

LaTeX Font Info:    Checking defaults for OML/cmm/m/it on input line 246.
LaTeX Font Info:    ... okay on input line 246.
LaTeX Font Info:    Checking defaults for OMS/cmsy/m/n on input line 246.
LaTeX Font Info:    ... okay on input line 246.
LaTeX Font Info:    Checking defaults for OT1/cmr/m/n on input line 246.
LaTeX Font Info:    ... okay on input line 246.
LaTeX Font Info:    Checking defaults for T1/cmr/m/n on input line 246.
LaTeX Font Info:    ... okay on input line 246.
LaTeX Font Info:    Checking defaults for TS1/cmr/m/n on input line 246.
LaTeX Font Info:    ... okay on input line 246.
LaTeX Font Info:    Checking defaults for OMX/cmex/m/n on input line 246.
LaTeX Font Info:    ... okay on input line 246.
LaTeX Font Info:    Checking defaults for U/cmr/m/n on input line 246.
LaTeX Font Info:    ... okay on input line 246.


Procotolo_deRevisao_import.tex:246: LaTeX Error: The font size command \normalsize is not defined:
               there is probably something wrong with the class file.

See the LaTeX manual or LaTeX Companion for explanation.
Type  H <return>  for immediate help.
 ...                                              
                                                  
l.246 \begin{document}
                      
Your command was ignored.
Type  I <command> <return>  to replace it with another command,
or  <return>  to continue without it.

Procotolo_deRevisao_import.tex:249: Undefined control sequence.
l.249 {\Large
              \textbf{PROTOCOLO DE REVISÃO}}
The control sequence at the end of the top line
of your error message was never \def'ed. If you have
misspelled it (e.g., `\hobx'), type `I' and the correct
spelling (e.g., `I\hbox'). Otherwise just continue,
and I'll forget about whatever was undefined.

Procotolo_deRevisao_import.tex:273: Undefined control sequence.
l.273 ...biental com IoT e IA, incluindo \textcite
                                                  {minallah2020}, \textcite{...
The control sequence at the end of the top line
of your error message was never \def'ed. If you have
misspelled it (e.g., `\hobx'), type `I' and the correct
spelling (e.g., `I\hbox'). Otherwise just continue,
and I'll forget about whatever was undefined.

Procotolo_deRevisao_import.tex:273: Undefined control sequence.
l.273 ...luindo \textcite{minallah2020}, \textcite
                                                  {cunha2024}, \textcite{kum...
The control sequence at the end of the top line
of your error message was never \def'ed. If you have
misspelled it (e.g., `\hobx'), type `I' and the correct
spelling (e.g., `I\hbox'). Otherwise just continue,
and I'll forget about whatever was undefined.

Procotolo_deRevisao_import.tex:273: Undefined control sequence.
l.273 ...lah2020}, \textcite{cunha2024}, \textcite
                                                  {kumar2023} e \textcite{wc...
The control sequence at the end of the top line
of your error message was never \def'ed. If you have
misspelled it (e.g., `\hobx'), type `I' and the correct
spelling (e.g., `I\hbox'). Otherwise just continue,
and I'll forget about whatever was undefined.

Procotolo_deRevisao_import.tex:273: Undefined control sequence.
l.273 ...ha2024}, \textcite{kumar2023} e \textcite
                                                  {wcama}, além de estudos ...
The control sequence at the end of the top line
of your error message was never \def'ed. If you have
misspelled it (e.g., `\hobx'), type `I' and the correct
spelling (e.g., `I\hbox'). Otherwise just continue,
and I'll forget about whatever was undefined.

Procotolo_deRevisao_import.tex:273: Undefined control sequence.
l.273 ...al em sistemas embarcados, como \textcite
                                                  {reddy2023} e \textcite{se...
The control sequence at the end of the top line
of your error message was never \def'ed. If you have
misspelled it (e.g., `\hobx'), type `I' and the correct
spelling (e.g., `I\hbox'). Otherwise just continue,
and I'll forget about whatever was undefined.

Procotolo_deRevisao_import.tex:273: Undefined control sequence.
l.273 ...os, como \textcite{reddy2023} e \textcite
                                                  {septian2022}.
The control sequence at the end of the top line
of your error message was never \def'ed. If you have
misspelled it (e.g., `\hobx'), type `I' and the correct
spelling (e.g., `I\hbox'). Otherwise just continue,
and I'll forget about whatever was undefined.


Procotolo_deRevisao_import.tex:278: LaTeX Error: Something's wrong--perhaps a missing \item.

See the LaTeX manual or LaTeX Companion for explanation.
Type  H <return>  for immediate help.
 ...                                              
                                                  
l.278 \item Q
             uais arquiteturas IoT (sensores, gateways LoRaWAN, middleware, ...
Try typing  <return>  to proceed.
If that doesn't work, type  X <return>  to quit.

Procotolo_deRevisao_import.tex:279: Undefined control sequence.
l.279 ...e do ar em smart campuses (ex.: \textcite
                                                  {cunha2024})?
The control sequence at the end of the top line
of your error message was never \def'ed. If you have
misspelled it (e.g., `\hobx'), type `I' and the correct
spelling (e.g., `I\hbox'). Otherwise just continue,
and I'll forget about whatever was undefined.

Procotolo_deRevisao_import.tex:281: Undefined control sequence.
l.281 ...bientes internos/externos (ex.: \textcite
                                                  {kumar2023}, \textcite{wca...
The control sequence at the end of the top line
of your error message was never \def'ed. If you have
misspelled it (e.g., `\hobx'), type `I' and the correct
spelling (e.g., `I\hbox'). Otherwise just continue,
and I'll forget about whatever was undefined.

Procotolo_deRevisao_import.tex:281: Undefined control sequence.
l.281 ...nos (ex.: \textcite{kumar2023}, \textcite
                                                  {wcama})?
The control sequence at the end of the top line
of your error message was never \def'ed. If you have
misspelled it (e.g., `\hobx'), type `I' and the correct
spelling (e.g., `I\hbox'). Otherwise just continue,
and I'll forget about whatever was undefined.

Procotolo_deRevisao_import.tex:283: Undefined control sequence.
l.283 ...amento de qualidade do ar (ex.: \textcite
                                                  {septian2022}, \textcite{a...
The control sequence at the end of the top line
of your error message was never \def'ed. If you have
misspelled it (e.g., `\hobx'), type `I' and the correct
spelling (e.g., `I\hbox'). Otherwise just continue,
and I'll forget about whatever was undefined.

Procotolo_deRevisao_import.tex:283: Undefined control sequence.
l.283 ...r (ex.: \textcite{septian2022}, \textcite
                                                  {alves2025freertos})?
The control sequence at the end of the top line
of your error message was never \def'ed. If you have
misspelled it (e.g., `\hobx'), type `I' and the correct
spelling (e.g., `I\hbox'). Otherwise just continue,
and I'll forget about whatever was undefined.


Procotolo_deRevisao_import.tex:296: LaTeX Error: The font size command \normalsize is not defined:
               there is probably something wrong with the class file.

See the LaTeX manual or LaTeX Companion for explanation.
Type  H <return>  for immediate help.
 ...                                              
                                                  
l.296 \newpage
              
Your command was ignored.
Type  I <command> <return>  to replace it with another command,
or  <return>  to continue without it.

[1{C:/Users/Noedson/AppData/Local/MiKTeX/fonts/map/pdftex/pdftex.map}]

Procotolo_deRevisao_import.tex:301: LaTeX Error: Environment table undefined.

See the LaTeX manual or LaTeX Companion for explanation.
Type  H <return>  for immediate help.
 ...                                              
                                                  
l.301 \begin{table}
                   [H]
Your command was ignored.
Type  I <command> <return>  to replace it with another command,
or  <return>  to continue without it.


Underfull \hbox (badness 10000) in paragraph at lines 306--307
[]\OT1/cmr/bx/n/10 Sin^onimos em Por-
 []


Underfull \hbox (badness 10000) in paragraph at lines 307--308
[]\OT1/cmr/bx/n/10 Palavra-chave em
 []


Underfull \hbox (badness 10000) in paragraph at lines 313--314
\/cmr/m/n/10 Pol-lu-tion, At-mo-spheric
 []


Underfull \hbox (badness 4492) in paragraph at lines 318--319
\/cmr/m/n/10 nected cam-pus, Dig-i-tal
 []


Underfull \hbox (badness 1102) in paragraph at lines 323--324
[]\/cmr/m/n/10 Internet of Things, IoT
 []


Underfull \hbox (badness 2269) in paragraph at lines 331--332
[]\/cmr/m/n/10 Plataforma de geren-ci-a-
 []


Underfull \hbox (badness 3375) in paragraph at lines 331--332
\/cmr/m/n/10 mento de con-texto FI-
 []


Underfull \hbox (badness 2951) in paragraph at lines 331--332
\/cmr/m/n/10 WARE, mid-dle-ware FI-
 []


Underfull \hbox (badness 1281) in paragraph at lines 333--334
[]\/cmr/m/n/10 FIWARE Plat-form, IoT
 []


Underfull \hbox (badness 5064) in paragraph at lines 338--339
[]\/cmr/m/n/10 Short-term Air Qual-ity
 []


Procotolo_deRevisao_import.tex:341: LaTeX Error: \begin{document} ended by \end{table}.

See the LaTeX manual or LaTeX Companion for explanation.
Type  H <return>  for immediate help.
 ...                                              
                                                  
l.341 \end{table}
                 
Your command was ignored.
Type  I <command> <return>  to replace it with another command,
or  <return>  to continue without it.


Procotolo_deRevisao_import.tex:367: LaTeX Error: The font size command \normalsize is not defined:
               there is probably something wrong with the class file.

See the LaTeX manual or LaTeX Companion for explanation.
Type  H <return>  for immediate help.
 ...                                              
                                                  
l.367 \newpage
              
Your command was ignored.
Type  I <command> <return>  to replace it with another command,
or  <return>  to continue without it.

[2]
Procotolo_deRevisao_import.tex:368: Undefined control sequence.
l.368 \section
              *{Critérios de Inclusão e Exclusão}
The control sequence at the end of the top line
of your error message was never \def'ed. If you have
misspelled it (e.g., `\hobx'), type `I' and the correct
spelling (e.g., `I\hbox'). Otherwise just continue,
and I'll forget about whatever was undefined.


Procotolo_deRevisao_import.tex:370: LaTeX Error: Environment table undefined.

See the LaTeX manual or LaTeX Companion for explanation.
Type  H <return>  for immediate help.
 ...                                              
                                                  
l.370 \begin{table}
                   [ht]
Your command was ignored.
Type  I <command> <return>  to replace it with another command,
or  <return>  to continue without it.


Procotolo_deRevisao_import.tex:402: LaTeX Error: \begin{document} ended by \end{table}.

See the LaTeX manual or LaTeX Companion for explanation.
Type  H <return>  for immediate help.
 ...                                              
                                                  
l.402 \end{table}
                 
Your command was ignored.
Type  I <command> <return>  to replace it with another command,
or  <return>  to continue without it.

Procotolo_deRevisao_import.tex:412: Undefined control sequence.
l.412 ...a com lacunas identificadas por \textcite
                                                  {mokrani2019}, \textcite{w...
The control sequence at the end of the top line
of your error message was never \def'ed. If you have
misspelled it (e.g., `\hobx'), type `I' and the correct
spelling (e.g., `I\hbox'). Otherwise just continue,
and I'll forget about whatever was undefined.

Procotolo_deRevisao_import.tex:412: Undefined control sequence.
l.412 ...das por \textcite{mokrani2019}, \textcite
                                                  {wang2023} e \textcite{ben...
The control sequence at the end of the top line
of your error message was never \def'ed. If you have
misspelled it (e.g., `\hobx'), type `I' and the correct
spelling (e.g., `I\hbox'). Otherwise just continue,
and I'll forget about whatever was undefined.

Procotolo_deRevisao_import.tex:412: Undefined control sequence.
l.412 ...ani2019}, \textcite{wang2023} e \textcite
                                                  {benammar2018}.
The control sequence at the end of the top line
of your error message was never \def'ed. If you have
misspelled it (e.g., `\hobx'), type `I' and the correct
spelling (e.g., `I\hbox'). Otherwise just continue,
and I'll forget about whatever was undefined.

Procotolo_deRevisao_import.tex:415: Undefined control sequence.
l.415 \section
              *{Critérios de Qualidade}
The control sequence at the end of the top line
of your error message was never \def'ed. If you have
misspelled it (e.g., `\hobx'), type `I' and the correct
spelling (e.g., `I\hbox'). Otherwise just continue,
and I'll forget about whatever was undefined.


Procotolo_deRevisao_import.tex:417: LaTeX Error: Environment table undefined.

See the LaTeX manual or LaTeX Companion for explanation.
Type  H <return>  for immediate help.
 ...                                              
                                                  
l.417 \begin{table}
                   [ht]
Your command was ignored.
Type  I <command> <return>  to replace it with another command,
or  <return>  to continue without it.


Procotolo_deRevisao_import.tex:437: LaTeX Error: \begin{document} ended by \end{table}.

See the LaTeX manual or LaTeX Companion for explanation.
Type  H <return>  for immediate help.
 ...                                              
                                                  
l.437 \end{table}
                 
Your command was ignored.
Type  I <command> <return>  to replace it with another command,
or  <return>  to continue without it.

Procotolo_deRevisao_import.tex:447: Undefined control sequence.
l.447 \section
              *{Lista dos artigos encontrados}
The control sequence at the end of the top line
of your error message was never \def'ed. If you have
misspelled it (e.g., `\hobx'), type `I' and the correct
spelling (e.g., `I\hbox'). Otherwise just continue,
and I'll forget about whatever was undefined.

Procotolo_deRevisao_import.tex:448: Undefined control sequence.
l.448 \subsection
                 *{Lista dos artigos incluídos}
The control sequence at the end of the top line
of your error message was never \def'ed. If you have
misspelled it (e.g., `\hobx'), type `I' and the correct
spelling (e.g., `I\hbox'). Otherwise just continue,
and I'll forget about whatever was undefined.


Procotolo_deRevisao_import.tex:450: LaTeX Error: Environment table undefined.

See the LaTeX manual or LaTeX Companion for explanation.
Type  H <return>  for immediate help.
 ...                                              
                                                  
l.450 \begin{table}
                   [H]
Your command was ignored.
Type  I <command> <return>  to replace it with another command,
or  <return>  to continue without it.

Procotolo_deRevisao_import.tex:453: Undefined control sequence.
l.453 \small
            
The control sequence at the end of the top line
of your error message was never \def'ed. If you have
misspelled it (e.g., `\hobx'), type `I' and the correct
spelling (e.g., `I\hbox'). Otherwise just continue,
and I'll forget about whatever was undefined.


Procotolo_deRevisao_import.tex:455: LaTeX Error: Environment tabularx undefined.

See the LaTeX manual or LaTeX Companion for explanation.
Type  H <return>  for immediate help.
 ...                                              
                                                  
l.455 \begin{tabularx}
                      {0.96\textwidth}{|P{0.7cm}|Y|P{3.4cm}|P{1.4cm}|P{2.4cm}|}
Your command was ignored.
Type  I <command> <return>  to replace it with another command,
or  <return>  to continue without it.

Procotolo_deRevisao_import.tex:455: Missing number, treated as zero.
<to be read again> 
                   }
l.455 \begin{tabularx}{0.96\textwidth}
                                      {|P{0.7cm}|Y|P{3.4cm}|P{1.4cm}|P{2.4cm}|}
A number should have been here; I inserted `0'.
(If you can't figure out why I needed to see a number,
look up `weird error' in the index to The TeXbook.)

Procotolo_deRevisao_import.tex:455: Illegal unit of measure (pt inserted).
<to be read again> 
                   }
l.455 \begin{tabularx}{0.96\textwidth}
                                      {|P{0.7cm}|Y|P{3.4cm}|P{1.4cm}|P{2.4cm}|}
Dimensions can be in units of em, ex, in, pt, pc,
cm, mm, dd, cc, nd, nc, bp, or sp; but yours is a new one!
I'll assume that you meant to say pt, for printer's points.
To recover gracefully from this error, it's best to
delete the erroneous units; e.g., type `2' to delete
two letters. (See Chapter 27 of The TeXbook.)

Procotolo_deRevisao_import.tex:456: Misplaced \noalign.
\hline ->\noalign 
                  {\ifnum 0=`}\fi \hrule \@height \arrayrulewidth \futurelet...
l.456 \hline
            
I expect to see \noalign only after the \cr of
an alignment. Proceed, and I'll ignore this case.

Procotolo_deRevisao_import.tex:457: Misplaced alignment tab character &.
l.457 \textbf{Nº} &
                     \textbf{Título do artigo} & \textbf{Autores} & \textbf...
I can't figure out why you would want to use a tab mark
here. If you just want an ampersand, the remedy is
simple: Just type `I\&' now. But if some right brace
up above has ended a previous alignment prematurely,
you're probably due for more error messages, and you
might try typing `S' now just to see what is salvageable.

Procotolo_deRevisao_import.tex:457: Misplaced alignment tab character &.
l.457 \textbf{Nº} & \textbf{Título do artigo} &
                                                  \textbf{Autores} & \textbf...
I can't figure out why you would want to use a tab mark
here. If you just want an ampersand, the remedy is
simple: Just type `I\&' now. But if some right brace
up above has ended a previous alignment prematurely,
you're probably due for more error messages, and you
might try typing `S' now just to see what is salvageable.

Procotolo_deRevisao_import.tex:457: Misplaced alignment tab character &.
l.457 ...f{Título do artigo} & \textbf{Autores} &
                                                   \textbf{Ano} & \textbf{Ve...
I can't figure out why you would want to use a tab mark
here. If you just want an ampersand, the remedy is
simple: Just type `I\&' now. But if some right brace
up above has ended a previous alignment prematurely,
you're probably due for more error messages, and you
might try typing `S' now just to see what is salvageable.

Procotolo_deRevisao_import.tex:457: Misplaced alignment tab character &.
l.457 ...tigo} & \textbf{Autores} & \textbf{Ano} &
                                                   \textbf{Veículo} \\
I can't figure out why you would want to use a tab mark
here. If you just want an ampersand, the remedy is
simple: Just type `I\&' now. But if some right brace
up above has ended a previous alignment prematurely,
you're probably due for more error messages, and you
might try typing `S' now just to see what is salvageable.

Procotolo_deRevisao_import.tex:458: Misplaced \noalign.
\hline ->\noalign 
                  {\ifnum 0=`}\fi \hrule \@height \arrayrulewidth \futurelet...
l.458 \hline
            
I expect to see \noalign only after the \cr of
an alignment. Proceed, and I'll ignore this case.

Procotolo_deRevisao_import.tex:463: Misplaced alignment tab character &.
\artigoIncluido ...goIncluido}\theartigoIncluido &
                                                   #1 & #2 & #3 & #4 \\ \hline 
l.463 ...sitório Institucional da Ufal -- RIUFAL}
                                                  
I can't figure out why you would want to use a tab mark
here. If you just want an ampersand, the remedy is
simple: Just type `I\&' now. But if some right brace
up above has ended a previous alignment prematurely,
you're probably due for more error messages, and you
might try typing `S' now just to see what is salvageable.

Procotolo_deRevisao_import.tex:463: Misplaced alignment tab character &.
\artigoIncluido ...luido}\theartigoIncluido & #1 &
                                                   #2 & #3 & #4 \\ \hline 
l.463 ...sitório Institucional da Ufal -- RIUFAL}
                                                  
I can't figure out why you would want to use a tab mark
here. If you just want an ampersand, the remedy is
simple: Just type `I\&' now. But if some right brace
up above has ended a previous alignment prematurely,
you're probably due for more error messages, and you
might try typing `S' now just to see what is salvageable.

Procotolo_deRevisao_import.tex:463: Misplaced alignment tab character &.
\artigoIncluido ...}\theartigoIncluido & #1 & #2 &
                                                   #3 & #4 \\ \hline 
l.463 ...sitório Institucional da Ufal -- RIUFAL}
                                                  
I can't figure out why you would want to use a tab mark
here. If you just want an ampersand, the remedy is
simple: Just type `I\&' now. But if some right brace
up above has ended a previous alignment prematurely,
you're probably due for more error messages, and you
might try typing `S' now just to see what is salvageable.

Procotolo_deRevisao_import.tex:463: Misplaced alignment tab character &.
\artigoIncluido ...artigoIncluido & #1 & #2 & #3 &
                                                   #4 \\ \hline 
l.463 ...sitório Institucional da Ufal -- RIUFAL}
                                                  
I can't figure out why you would want to use a tab mark
here. If you just want an ampersand, the remedy is
simple: Just type `I\&' now. But if some right brace
up above has ended a previous alignment prematurely,
you're probably due for more error messages, and you
might try typing `S' now just to see what is salvageable.

Procotolo_deRevisao_import.tex:463: Misplaced \noalign.
\hline ->\noalign 
                  {\ifnum 0=`}\fi \hrule \@height \arrayrulewidth \futurelet...
l.463 ...sitório Institucional da Ufal -- RIUFAL}
                                                  
I expect to see \noalign only after the \cr of
an alignment. Proceed, and I'll ignore this case.

Procotolo_deRevisao_import.tex:467: Misplaced alignment tab character &.
\artigoIncluido ...goIncluido}\theartigoIncluido &
                                                   #1 & #2 & #3 & #4 \\ \hline 
l.467 ...l da Universidade Beira Rio - uBibliorun}
                                                  
I can't figure out why you would want to use a tab mark
here. If you just want an ampersand, the remedy is
simple: Just type `I\&' now. But if some right brace
up above has ended a previous alignment prematurely,
you're probably due for more error messages, and you
might try typing `S' now just to see what is salvageable.

Procotolo_deRevisao_import.tex:467: Misplaced alignment tab character &.
\artigoIncluido ...luido}\theartigoIncluido & #1 &
                                                   #2 & #3 & #4 \\ \hline 
l.467 ...l da Universidade Beira Rio - uBibliorun}
                                                  
I can't figure out why you would want to use a tab mark
here. If you just want an ampersand, the remedy is
simple: Just type `I\&' now. But if some right brace
up above has ended a previous alignment prematurely,
you're probably due for more error messages, and you
might try typing `S' now just to see what is salvageable.

Procotolo_deRevisao_import.tex:467: Misplaced alignment tab character &.
\artigoIncluido ...}\theartigoIncluido & #1 & #2 &
                                                   #3 & #4 \\ \hline 
l.467 ...l da Universidade Beira Rio - uBibliorun}
                                                  
I can't figure out why you would want to use a tab mark
here. If you just want an ampersand, the remedy is
simple: Just type `I\&' now. But if some right brace
up above has ended a previous alignment prematurely,
you're probably due for more error messages, and you
might try typing `S' now just to see what is salvageable.

Procotolo_deRevisao_import.tex:467: Misplaced alignment tab character &.
\artigoIncluido ...artigoIncluido & #1 & #2 & #3 &
                                                   #4 \\ \hline 
l.467 ...l da Universidade Beira Rio - uBibliorun}
                                                  
I can't figure out why you would want to use a tab mark
here. If you just want an ampersand, the remedy is
simple: Just type `I\&' now. But if some right brace
up above has ended a previous alignment prematurely,
you're probably due for more error messages, and you
might try typing `S' now just to see what is salvageable.

Procotolo_deRevisao_import.tex:467: Misplaced \noalign.
\hline ->\noalign 
                  {\ifnum 0=`}\fi \hrule \@height \arrayrulewidth \futurelet...
l.467 ...l da Universidade Beira Rio - uBibliorun}
                                                  
I expect to see \noalign only after the \cr of
an alignment. Proceed, and I'll ignore this case.

Procotolo_deRevisao_import.tex:471: Misplaced alignment tab character &.
\artigoIncluido ...goIncluido}\theartigoIncluido &
                                                   #1 & #2 & #3 & #4 \\ \hline 
l.471 ...ersidade Federal da Paraíba - REPO-UFPB}
                                                  
I can't figure out why you would want to use a tab mark
here. If you just want an ampersand, the remedy is
simple: Just type `I\&' now. But if some right brace
up above has ended a previous alignment prematurely,
you're probably due for more error messages, and you
might try typing `S' now just to see what is salvageable.

Procotolo_deRevisao_import.tex:471: Misplaced alignment tab character &.
\artigoIncluido ...luido}\theartigoIncluido & #1 &
                                                   #2 & #3 & #4 \\ \hline 
l.471 ...ersidade Federal da Paraíba - REPO-UFPB}
                                                  
I can't figure out why you would want to use a tab mark
here. If you just want an ampersand, the remedy is
simple: Just type `I\&' now. But if some right brace
up above has ended a previous alignment prematurely,
you're probably due for more error messages, and you
might try typing `S' now just to see what is salvageable.

Procotolo_deRevisao_import.tex:471: Misplaced alignment tab character &.
\artigoIncluido ...}\theartigoIncluido & #1 & #2 &
                                                   #3 & #4 \\ \hline 
l.471 ...ersidade Federal da Paraíba - REPO-UFPB}
                                                  
I can't figure out why you would want to use a tab mark
here. If you just want an ampersand, the remedy is
simple: Just type `I\&' now. But if some right brace
up above has ended a previous alignment prematurely,
you're probably due for more error messages, and you
might try typing `S' now just to see what is salvageable.

Procotolo_deRevisao_import.tex:471: Misplaced alignment tab character &.
\artigoIncluido ...artigoIncluido & #1 & #2 & #3 &
                                                   #4 \\ \hline 
l.471 ...ersidade Federal da Paraíba - REPO-UFPB}
                                                  
I can't figure out why you would want to use a tab mark
here. If you just want an ampersand, the remedy is
simple: Just type `I\&' now. But if some right brace
up above has ended a previous alignment prematurely,
you're probably due for more error messages, and you
might try typing `S' now just to see what is salvageable.

Procotolo_deRevisao_import.tex:471: Misplaced \noalign.
\hline ->\noalign 
                  {\ifnum 0=`}\fi \hrule \@height \arrayrulewidth \futurelet...
l.471 ...ersidade Federal da Paraíba - REPO-UFPB}
                                                  
I expect to see \noalign only after the \cr of
an alignment. Proceed, and I'll ignore this case.

Procotolo_deRevisao_import.tex:475: Misplaced alignment tab character &.
\artigoIncluido ...goIncluido}\theartigoIncluido &
                                                   #1 & #2 & #3 & #4 \\ \hline 
l.475 {IEEE Latin America Transactions}
                                       
I can't figure out why you would want to use a tab mark
here. If you just want an ampersand, the remedy is
simple: Just type `I\&' now. But if some right brace
up above has ended a previous alignment prematurely,
you're probably due for more error messages, and you
might try typing `S' now just to see what is salvageable.

Procotolo_deRevisao_import.tex:475: Misplaced alignment tab character &.
\artigoIncluido ...luido}\theartigoIncluido & #1 &
                                                   #2 & #3 & #4 \\ \hline 
l.475 {IEEE Latin America Transactions}
                                       
I can't figure out why you would want to use a tab mark
here. If you just want an ampersand, the remedy is
simple: Just type `I\&' now. But if some right brace
up above has ended a previous alignment prematurely,
you're probably due for more error messages, and you
might try typing `S' now just to see what is salvageable.

Procotolo_deRevisao_import.tex:475: Misplaced alignment tab character &.
\artigoIncluido ...}\theartigoIncluido & #1 & #2 &
                                                   #3 & #4 \\ \hline 
l.475 {IEEE Latin America Transactions}
                                       
I can't figure out why you would want to use a tab mark
here. If you just want an ampersand, the remedy is
simple: Just type `I\&' now. But if some right brace
up above has ended a previous alignment prematurely,
you're probably due for more error messages, and you
might try typing `S' now just to see what is salvageable.

Procotolo_deRevisao_import.tex:475: Misplaced alignment tab character &.
\artigoIncluido ...artigoIncluido & #1 & #2 & #3 &
                                                   #4 \\ \hline 
l.475 {IEEE Latin America Transactions}
                                       
I can't figure out why you would want to use a tab mark
here. If you just want an ampersand, the remedy is
simple: Just type `I\&' now. But if some right brace
up above has ended a previous alignment prematurely,
you're probably due for more error messages, and you
might try typing `S' now just to see what is salvageable.

Procotolo_deRevisao_import.tex:475: Misplaced \noalign.
\hline ->\noalign 
                  {\ifnum 0=`}\fi \hrule \@height \arrayrulewidth \futurelet...
l.475 {IEEE Latin America Transactions}
                                       
I expect to see \noalign only after the \cr of
an alignment. Proceed, and I'll ignore this case.

Procotolo_deRevisao_import.tex:479: Misplaced alignment tab character &.
\artigoIncluido ...goIncluido}\theartigoIncluido &
                                                   #1 & #2 & #3 & #4 \\ \hline 
l.479 ...ão do Meio Ambiente e Recursos Naturais}
                                                  
I can't figure out why you would want to use a tab mark
here. If you just want an ampersand, the remedy is
simple: Just type `I\&' now. But if some right brace
up above has ended a previous alignment prematurely,
you're probably due for more error messages, and you
might try typing `S' now just to see what is salvageable.

Procotolo_deRevisao_import.tex:479: Misplaced alignment tab character &.
\artigoIncluido ...luido}\theartigoIncluido & #1 &
                                                   #2 & #3 & #4 \\ \hline 
l.479 ...ão do Meio Ambiente e Recursos Naturais}
                                                  
I can't figure out why you would want to use a tab mark
here. If you just want an ampersand, the remedy is
simple: Just type `I\&' now. But if some right brace
up above has ended a previous alignment prematurely,
you're probably due for more error messages, and you
might try typing `S' now just to see what is salvageable.

Procotolo_deRevisao_import.tex:479: Misplaced alignment tab character &.
\artigoIncluido ...}\theartigoIncluido & #1 & #2 &
                                                   #3 & #4 \\ \hline 
l.479 ...ão do Meio Ambiente e Recursos Naturais}
                                                  
I can't figure out why you would want to use a tab mark
here. If you just want an ampersand, the remedy is
simple: Just type `I\&' now. But if some right brace
up above has ended a previous alignment prematurely,
you're probably due for more error messages, and you
might try typing `S' now just to see what is salvageable.

Procotolo_deRevisao_import.tex:479: Misplaced alignment tab character &.
\artigoIncluido ...artigoIncluido & #1 & #2 & #3 &
                                                   #4 \\ \hline 
l.479 ...ão do Meio Ambiente e Recursos Naturais}
                                                  
I can't figure out why you would want to use a tab mark
here. If you just want an ampersand, the remedy is
simple: Just type `I\&' now. But if some right brace
up above has ended a previous alignment prematurely,
you're probably due for more error messages, and you
might try typing `S' now just to see what is salvageable.

Procotolo_deRevisao_import.tex:479: Misplaced \noalign.
\hline ->\noalign 
                  {\ifnum 0=`}\fi \hrule \@height \arrayrulewidth \futurelet...
l.479 ...ão do Meio Ambiente e Recursos Naturais}
                                                  
I expect to see \noalign only after the \cr of
an alignment. Proceed, and I'll ignore this case.

Procotolo_deRevisao_import.tex:483: Misplaced alignment tab character &.
\artigoIncluido ...goIncluido}\theartigoIncluido &
                                                   #1 & #2 & #3 & #4 \\ \hline 
l.483 ...ão do Meio Ambiente e Recursos Naturais}
                                                  
I can't figure out why you would want to use a tab mark
here. If you just want an ampersand, the remedy is
simple: Just type `I\&' now. But if some right brace
up above has ended a previous alignment prematurely,
you're probably due for more error messages, and you
might try typing `S' now just to see what is salvageable.

Procotolo_deRevisao_import.tex:483: Misplaced alignment tab character &.
\artigoIncluido ...luido}\theartigoIncluido & #1 &
                                                   #2 & #3 & #4 \\ \hline 
l.483 ...ão do Meio Ambiente e Recursos Naturais}
                                                  
I can't figure out why you would want to use a tab mark
here. If you just want an ampersand, the remedy is
simple: Just type `I\&' now. But if some right brace
up above has ended a previous alignment prematurely,
you're probably due for more error messages, and you
might try typing `S' now just to see what is salvageable.

Procotolo_deRevisao_import.tex:483: Misplaced alignment tab character &.
\artigoIncluido ...}\theartigoIncluido & #1 & #2 &
                                                   #3 & #4 \\ \hline 
l.483 ...ão do Meio Ambiente e Recursos Naturais}
                                                  
I can't figure out why you would want to use a tab mark
here. If you just want an ampersand, the remedy is
simple: Just type `I\&' now. But if some right brace
up above has ended a previous alignment prematurely,
you're probably due for more error messages, and you
might try typing `S' now just to see what is salvageable.

Procotolo_deRevisao_import.tex:483: Misplaced alignment tab character &.
\artigoIncluido ...artigoIncluido & #1 & #2 & #3 &
                                                   #4 \\ \hline 
l.483 ...ão do Meio Ambiente e Recursos Naturais}
                                                  
I can't figure out why you would want to use a tab mark
here. If you just want an ampersand, the remedy is
simple: Just type `I\&' now. But if some right brace
up above has ended a previous alignment prematurely,
you're probably due for more error messages, and you
might try typing `S' now just to see what is salvageable.

Procotolo_deRevisao_import.tex:483: Misplaced \noalign.
\hline ->\noalign 
                  {\ifnum 0=`}\fi \hrule \@height \arrayrulewidth \futurelet...
l.483 ...ão do Meio Ambiente e Recursos Naturais}
                                                  
I expect to see \noalign only after the \cr of
an alignment. Proceed, and I'll ignore this case.


Procotolo_deRevisao_import.tex:485: LaTeX Error: \begin{document} ended by \end{tabularx}.

See the LaTeX manual or LaTeX Companion for explanation.
Type  H <return>  for immediate help.
 ...                                              
                                                  
l.485 \end{tabularx}
                    
Your command was ignored.
Type  I <command> <return>  to replace it with another command,
or  <return>  to continue without it.


Procotolo_deRevisao_import.tex:487: LaTeX Error: \begin{document} ended by \end{table}.

See the LaTeX manual or LaTeX Companion for explanation.
Type  H <return>  for immediate help.
 ...                                              
                                                  
l.487 \end{table}
                 
Your command was ignored.
Type  I <command> <return>  to replace it with another command,
or  <return>  to continue without it.

Procotolo_deRevisao_import.tex:491: Undefined control sequence.
l.491 \subsection
                 *{Lista de artigos excluídos}
The control sequence at the end of the top line
of your error message was never \def'ed. If you have
misspelled it (e.g., `\hobx'), type `I' and the correct
spelling (e.g., `I\hbox'). Otherwise just continue,
and I'll forget about whatever was undefined.


Procotolo_deRevisao_import.tex:495: LaTeX Error: Environment table undefined.

See the LaTeX manual or LaTeX Companion for explanation.
Type  H <return>  for immediate help.
 ...                                              
                                                  
l.495 \begin{table}
                   [H]
Your command was ignored.
Type  I <command> <return>  to replace it with another command,
or  <return>  to continue without it.

Procotolo_deRevisao_import.tex:497: Undefined control sequence.
l.497 \small
            
The control sequence at the end of the top line
of your error message was never \def'ed. If you have
misspelled it (e.g., `\hobx'), type `I' and the correct
spelling (e.g., `I\hbox'). Otherwise just continue,
and I'll forget about whatever was undefined.


Procotolo_deRevisao_import.tex:498: LaTeX Error: Environment tabularx undefined.

See the LaTeX manual or LaTeX Companion for explanation.
Type  H <return>  for immediate help.
 ...                                              
                                                  
l.498 \begin{tabularx}
                      {\textwidth}{|p{0.7cm}|Y|p{3.6cm}|p{1.6cm}|p{2.8cm}|}
Your command was ignored.
Type  I <command> <return>  to replace it with another command,
or  <return>  to continue without it.

Procotolo_deRevisao_import.tex:498: Missing number, treated as zero.
<to be read again> 
                   }
l.498 \begin{tabularx}{\textwidth}
                                  {|p{0.7cm}|Y|p{3.6cm}|p{1.6cm}|p{2.8cm}|}
A number should have been here; I inserted `0'.
(If you can't figure out why I needed to see a number,
look up `weird error' in the index to The TeXbook.)

Procotolo_deRevisao_import.tex:498: Illegal unit of measure (pt inserted).
<to be read again> 
                   }
l.498 \begin{tabularx}{\textwidth}
                                  {|p{0.7cm}|Y|p{3.6cm}|p{1.6cm}|p{2.8cm}|}
Dimensions can be in units of em, ex, in, pt, pc,
cm, mm, dd, cc, nd, nc, bp, or sp; but yours is a new one!
I'll assume that you meant to say pt, for printer's points.
To recover gracefully from this error, it's best to
delete the erroneous units; e.g., type `2' to delete
two letters. (See Chapter 27 of The TeXbook.)

Procotolo_deRevisao_import.tex:499: Misplaced \noalign.
\hline ->\noalign 
                  {\ifnum 0=`}\fi \hrule \@height \arrayrulewidth \futurelet...
l.499 \hline
            
I expect to see \noalign only after the \cr of
an alignment. Proceed, and I'll ignore this case.

Procotolo_deRevisao_import.tex:500: Misplaced alignment tab character &.
l.500 \textbf{Nº} &
                     \textbf{Título do artigo} & \textbf{Autores} & \textbf...
I can't figure out why you would want to use a tab mark
here. If you just want an ampersand, the remedy is
simple: Just type `I\&' now. But if some right brace
up above has ended a previous alignment prematurely,
you're probably due for more error messages, and you
might try typing `S' now just to see what is salvageable.

Procotolo_deRevisao_import.tex:500: Misplaced alignment tab character &.
l.500 \textbf{Nº} & \textbf{Título do artigo} &
                                                  \textbf{Autores} & \textbf...
I can't figure out why you would want to use a tab mark
here. If you just want an ampersand, the remedy is
simple: Just type `I\&' now. But if some right brace
up above has ended a previous alignment prematurely,
you're probably due for more error messages, and you
might try typing `S' now just to see what is salvageable.

Procotolo_deRevisao_import.tex:500: Misplaced alignment tab character &.
l.500 ...f{Título do artigo} & \textbf{Autores} &
                                                   \textbf{Ano} & \textbf{Ve...
I can't figure out why you would want to use a tab mark
here. If you just want an ampersand, the remedy is
simple: Just type `I\&' now. But if some right brace
up above has ended a previous alignment prematurely,
you're probably due for more error messages, and you
might try typing `S' now just to see what is salvageable.

Procotolo_deRevisao_import.tex:500: Misplaced alignment tab character &.
l.500 ...tigo} & \textbf{Autores} & \textbf{Ano} &
                                                   \textbf{Veículo} \\
I can't figure out why you would want to use a tab mark
here. If you just want an ampersand, the remedy is
simple: Just type `I\&' now. But if some right brace
up above has ended a previous alignment prematurely,
you're probably due for more error messages, and you
might try typing `S' now just to see what is salvageable.

Procotolo_deRevisao_import.tex:501: Misplaced \noalign.
\hline ->\noalign 
                  {\ifnum 0=`}\fi \hrule \@height \arrayrulewidth \futurelet...
l.501 \hline
            
I expect to see \noalign only after the \cr of
an alignment. Proceed, and I'll ignore this case.

Procotolo_deRevisao_import.tex:506: Misplaced alignment tab character &.
\artigoExcluido ...goExcluido}\theartigoExcluido &
                                                   #1 & #2 & #3 & #4 \\ \hline 
l.506 {Anais (SBCUP)}
                     
I can't figure out why you would want to use a tab mark
here. If you just want an ampersand, the remedy is
simple: Just type `I\&' now. But if some right brace
up above has ended a previous alignment prematurely,
you're probably due for more error messages, and you
might try typing `S' now just to see what is salvageable.

Procotolo_deRevisao_import.tex:506: Misplaced alignment tab character &.
\artigoExcluido ...luido}\theartigoExcluido & #1 &
                                                   #2 & #3 & #4 \\ \hline 
l.506 {Anais (SBCUP)}
                     
I can't figure out why you would want to use a tab mark
here. If you just want an ampersand, the remedy is
simple: Just type `I\&' now. But if some right brace
up above has ended a previous alignment prematurely,
you're probably due for more error messages, and you
might try typing `S' now just to see what is salvageable.

Procotolo_deRevisao_import.tex:506: Misplaced alignment tab character &.
\artigoExcluido ...}\theartigoExcluido & #1 & #2 &
                                                   #3 & #4 \\ \hline 
l.506 {Anais (SBCUP)}
                     
I can't figure out why you would want to use a tab mark
here. If you just want an ampersand, the remedy is
simple: Just type `I\&' now. But if some right brace
up above has ended a previous alignment prematurely,
you're probably due for more error messages, and you
might try typing `S' now just to see what is salvageable.

Procotolo_deRevisao_import.tex:506: Misplaced alignment tab character &.
\artigoExcluido ...artigoExcluido & #1 & #2 & #3 &
                                                   #4 \\ \hline 
l.506 {Anais (SBCUP)}
                     
I can't figure out why you would want to use a tab mark
here. If you just want an ampersand, the remedy is
simple: Just type `I\&' now. But if some right brace
up above has ended a previous alignment prematurely,
you're probably due for more error messages, and you
might try typing `S' now just to see what is salvageable.

Procotolo_deRevisao_import.tex:506: Misplaced \noalign.
\hline ->\noalign 
                  {\ifnum 0=`}\fi \hrule \@height \arrayrulewidth \futurelet...
l.506 {Anais (SBCUP)}
                     
I expect to see \noalign only after the \cr of
an alignment. Proceed, and I'll ignore this case.

Procotolo_deRevisao_import.tex:510: Misplaced alignment tab character &.
\artigoExcluido ...goExcluido}\theartigoExcluido &
                                                   #1 & #2 & #3 & #4 \\ \hline 
l.510 ...vanced Computer Science and Applications}
                                                  
I can't figure out why you would want to use a tab mark
here. If you just want an ampersand, the remedy is
simple: Just type `I\&' now. But if some right brace
up above has ended a previous alignment prematurely,
you're probably due for more error messages, and you
might try typing `S' now just to see what is salvageable.

Procotolo_deRevisao_import.tex:510: Misplaced alignment tab character &.
\artigoExcluido ...luido}\theartigoExcluido & #1 &
                                                   #2 & #3 & #4 \\ \hline 
l.510 ...vanced Computer Science and Applications}
                                                  
I can't figure out why you would want to use a tab mark
here. If you just want an ampersand, the remedy is
simple: Just type `I\&' now. But if some right brace
up above has ended a previous alignment prematurely,
you're probably due for more error messages, and you
might try typing `S' now just to see what is salvageable.

Procotolo_deRevisao_import.tex:510: Misplaced alignment tab character &.
\artigoExcluido ...}\theartigoExcluido & #1 & #2 &
                                                   #3 & #4 \\ \hline 
l.510 ...vanced Computer Science and Applications}
                                                  
I can't figure out why you would want to use a tab mark
here. If you just want an ampersand, the remedy is
simple: Just type `I\&' now. But if some right brace
up above has ended a previous alignment prematurely,
you're probably due for more error messages, and you
might try typing `S' now just to see what is salvageable.

Procotolo_deRevisao_import.tex:510: Misplaced alignment tab character &.
\artigoExcluido ...artigoExcluido & #1 & #2 & #3 &
                                                   #4 \\ \hline 
l.510 ...vanced Computer Science and Applications}
                                                  
I can't figure out why you would want to use a tab mark
here. If you just want an ampersand, the remedy is
simple: Just type `I\&' now. But if some right brace
up above has ended a previous alignment prematurely,
you're probably due for more error messages, and you
might try typing `S' now just to see what is salvageable.

Procotolo_deRevisao_import.tex:510: Misplaced \noalign.
\hline ->\noalign 
                  {\ifnum 0=`}\fi \hrule \@height \arrayrulewidth \futurelet...
l.510 ...vanced Computer Science and Applications}
                                                  
I expect to see \noalign only after the \cr of
an alignment. Proceed, and I'll ignore this case.

Procotolo_deRevisao_import.tex:514: Misplaced alignment tab character &.
\artigoExcluido ...goExcluido}\theartigoExcluido &
                                                   #1 & #2 & #3 & #4 \\ \hline 
l.514 ...a Universidade de Passo Fundo - REPO-UPF}
                                                  
I can't figure out why you would want to use a tab mark
here. If you just want an ampersand, the remedy is
simple: Just type `I\&' now. But if some right brace
up above has ended a previous alignment prematurely,
you're probably due for more error messages, and you
might try typing `S' now just to see what is salvageable.

Procotolo_deRevisao_import.tex:514: Misplaced alignment tab character &.
\artigoExcluido ...luido}\theartigoExcluido & #1 &
                                                   #2 & #3 & #4 \\ \hline 
l.514 ...a Universidade de Passo Fundo - REPO-UPF}
                                                  
I can't figure out why you would want to use a tab mark
here. If you just want an ampersand, the remedy is
simple: Just type `I\&' now. But if some right brace
up above has ended a previous alignment prematurely,
you're probably due for more error messages, and you
might try typing `S' now just to see what is salvageable.

Procotolo_deRevisao_import.tex:514: Misplaced alignment tab character &.
\artigoExcluido ...}\theartigoExcluido & #1 & #2 &
                                                   #3 & #4 \\ \hline 
l.514 ...a Universidade de Passo Fundo - REPO-UPF}
                                                  
I can't figure out why you would want to use a tab mark
here. If you just want an ampersand, the remedy is
simple: Just type `I\&' now. But if some right brace
up above has ended a previous alignment prematurely,
you're probably due for more error messages, and you
might try typing `S' now just to see what is salvageable.

Procotolo_deRevisao_import.tex:514: Misplaced alignment tab character &.
\artigoExcluido ...artigoExcluido & #1 & #2 & #3 &
                                                   #4 \\ \hline 
l.514 ...a Universidade de Passo Fundo - REPO-UPF}
                                                  
I can't figure out why you would want to use a tab mark
here. If you just want an ampersand, the remedy is
simple: Just type `I\&' now. But if some right brace
up above has ended a previous alignment prematurely,
you're probably due for more error messages, and you
might try typing `S' now just to see what is salvageable.

Procotolo_deRevisao_import.tex:514: Misplaced \noalign.
\hline ->\noalign 
                  {\ifnum 0=`}\fi \hrule \@height \arrayrulewidth \futurelet...
l.514 ...a Universidade de Passo Fundo - REPO-UPF}
                                                  
I expect to see \noalign only after the \cr of
an alignment. Proceed, and I'll ignore this case.

Procotolo_deRevisao_import.tex:521: Misplaced alignment tab character &.
\artigoExcluido ...goExcluido}\theartigoExcluido &
                                                   #1 & #2 & #3 & #4 \\ \hline 
l.521 {Universidades \& Sustentabilidade}
                                         
I can't figure out why you would want to use a tab mark
here. If you just want an ampersand, the remedy is
simple: Just type `I\&' now. But if some right brace
up above has ended a previous alignment prematurely,
you're probably due for more error messages, and you
might try typing `S' now just to see what is salvageable.

Procotolo_deRevisao_import.tex:521: Misplaced alignment tab character &.
\artigoExcluido ...luido}\theartigoExcluido & #1 &
                                                   #2 & #3 & #4 \\ \hline 
l.521 {Universidades \& Sustentabilidade}
                                         
I can't figure out why you would want to use a tab mark
here. If you just want an ampersand, the remedy is
simple: Just type `I\&' now. But if some right brace
up above has ended a previous alignment prematurely,
you're probably due for more error messages, and you
might try typing `S' now just to see what is salvageable.

Procotolo_deRevisao_import.tex:521: Misplaced alignment tab character &.
\artigoExcluido ...}\theartigoExcluido & #1 & #2 &
                                                   #3 & #4 \\ \hline 
l.521 {Universidades \& Sustentabilidade}
                                         
I can't figure out why you would want to use a tab mark
here. If you just want an ampersand, the remedy is
simple: Just type `I\&' now. But if some right brace
up above has ended a previous alignment prematurely,
you're probably due for more error messages, and you
might try typing `S' now just to see what is salvageable.

Procotolo_deRevisao_import.tex:521: Misplaced alignment tab character &.
\artigoExcluido ...artigoExcluido & #1 & #2 & #3 &
                                                   #4 \\ \hline 
l.521 {Universidades \& Sustentabilidade}
                                         
I can't figure out why you would want to use a tab mark
here. If you just want an ampersand, the remedy is
simple: Just type `I\&' now. But if some right brace
up above has ended a previous alignment prematurely,
you're probably due for more error messages, and you
might try typing `S' now just to see what is salvageable.

Procotolo_deRevisao_import.tex:521: Misplaced \noalign.
\hline ->\noalign 
                  {\ifnum 0=`}\fi \hrule \@height \arrayrulewidth \futurelet...
l.521 {Universidades \& Sustentabilidade}
                                         
I expect to see \noalign only after the \cr of
an alignment. Proceed, and I'll ignore this case.


Procotolo_deRevisao_import.tex:522: LaTeX Error: \begin{document} ended by \end{tabularx}.

See the LaTeX manual or LaTeX Companion for explanation.
Type  H <return>  for immediate help.
 ...                                              
                                                  
l.522 \end{tabularx}
                    
Your command was ignored.
Type  I <command> <return>  to replace it with another command,
or  <return>  to continue without it.


Procotolo_deRevisao_import.tex:523: LaTeX Error: \begin{document} ended by \end{table}.

See the LaTeX manual or LaTeX Companion for explanation.
Type  H <return>  for immediate help.
 ...                                              
                                                  
l.523 \end{table}
                 
Your command was ignored.
Type  I <command> <return>  to replace it with another command,
or  <return>  to continue without it.


Underfull \hbox (badness 10000) in paragraph at lines 524--533

 []

Procotolo_deRevisao_import.tex:535: Undefined control sequence.
l.535 \subsection
                 *{Tabela de avaliação dos artigos}
The control sequence at the end of the top line
of your error message was never \def'ed. If you have
misspelled it (e.g., `\hobx'), type `I' and the correct
spelling (e.g., `I\hbox'). Otherwise just continue,
and I'll forget about whatever was undefined.


Procotolo_deRevisao_import.tex:537: LaTeX Error: Environment table undefined.

See the LaTeX manual or LaTeX Companion for explanation.
Type  H <return>  for immediate help.
 ...                                              
                                                  
l.537 \begin{table}
                   [H]
Your command was ignored.
Type  I <command> <return>  to replace it with another command,
or  <return>  to continue without it.


Procotolo_deRevisao_import.tex:541: LaTeX Error: Environment tabularx undefined.

See the LaTeX manual or LaTeX Companion for explanation.
Type  H <return>  for immediate help.
 ...                                              
                                                  
l.541 \begin{tabularx}
                      {0.94\textwidth}
Your command was ignored.
Type  I <command> <return>  to replace it with another command,
or  <return>  to continue without it.

Procotolo_deRevisao_import.tex:541: Missing number, treated as zero.
<to be read again> 
                   }
l.541 \begin{tabularx}{0.94\textwidth}
                                      
A number should have been here; I inserted `0'.
(If you can't figure out why I needed to see a number,
look up `weird error' in the index to The TeXbook.)

Procotolo_deRevisao_import.tex:541: Illegal unit of measure (pt inserted).
<to be read again> 
                   }
l.541 \begin{tabularx}{0.94\textwidth}
                                      
Dimensions can be in units of em, ex, in, pt, pc,
cm, mm, dd, cc, nd, nc, bp, or sp; but yours is a new one!
I'll assume that you meant to say pt, for printer's points.
To recover gracefully from this error, it's best to
delete the erroneous units; e.g., type `2' to delete
two letters. (See Chapter 27 of The TeXbook.)

Procotolo_deRevisao_import.tex:552: Misplaced \noalign.
\hline ->\noalign 
                  {\ifnum 0=`}\fi \hrule \@height \arrayrulewidth \futurelet...
l.552 \hline
            
I expect to see \noalign only after the \cr of
an alignment. Proceed, and I'll ignore this case.

Procotolo_deRevisao_import.tex:554: Misplaced alignment tab character &.
l.554 &
        \textbf{Artigo (Autor/Ano)}
I can't figure out why you would want to use a tab mark
here. If you just want an ampersand, the remedy is
simple: Just type `I\&' now. But if some right brace
up above has ended a previous alignment prematurely,
you're probably due for more error messages, and you
might try typing `S' now just to see what is salvageable.

Procotolo_deRevisao_import.tex:555: Misplaced alignment tab character &.
l.555 &
        \textbf{C1}   & \textbf{C2}
I can't figure out why you would want to use a tab mark
here. If you just want an ampersand, the remedy is
simple: Just type `I\&' now. But if some right brace
up above has ended a previous alignment prematurely,
you're probably due for more error messages, and you
might try typing `S' now just to see what is salvageable.

Procotolo_deRevisao_import.tex:555: Misplaced alignment tab character &.
l.555 & \textbf{C1}   &
                        \textbf{C2}
I can't figure out why you would want to use a tab mark
here. If you just want an ampersand, the remedy is
simple: Just type `I\&' now. But if some right brace
up above has ended a previous alignment prematurely,
you're probably due for more error messages, and you
might try typing `S' now just to see what is salvageable.

Procotolo_deRevisao_import.tex:556: Misplaced alignment tab character &.
l.556 &
        \textbf{C3}   & \textbf{C4}
I can't figure out why you would want to use a tab mark
here. If you just want an ampersand, the remedy is
simple: Just type `I\&' now. But if some right brace
up above has ended a previous alignment prematurely,
you're probably due for more error messages, and you
might try typing `S' now just to see what is salvageable.

Procotolo_deRevisao_import.tex:556: Misplaced alignment tab character &.
l.556 & \textbf{C3}   &
                        \textbf{C4}
I can't figure out why you would want to use a tab mark
here. If you just want an ampersand, the remedy is
simple: Just type `I\&' now. But if some right brace
up above has ended a previous alignment prematurely,
you're probably due for more error messages, and you
might try typing `S' now just to see what is salvageable.

Procotolo_deRevisao_import.tex:557: Misplaced alignment tab character &.
l.557 &
        \textbf{C5}   & \textbf{Total (N)}
I can't figure out why you would want to use a tab mark
here. If you just want an ampersand, the remedy is
simple: Just type `I\&' now. But if some right brace
up above has ended a previous alignment prematurely,
you're probably due for more error messages, and you
might try typing `S' now just to see what is salvageable.

Procotolo_deRevisao_import.tex:557: Misplaced alignment tab character &.
l.557 & \textbf{C5}   &
                        \textbf{Total (N)}
I can't figure out why you would want to use a tab mark
here. If you just want an ampersand, the remedy is
simple: Just type `I\&' now. But if some right brace
up above has ended a previous alignment prematurely,
you're probably due for more error messages, and you
might try typing `S' now just to see what is salvageable.

Procotolo_deRevisao_import.tex:558: Misplaced alignment tab character &.
l.558 &
        \textbf{(\%)} & \textbf{Classificação} \\
I can't figure out why you would want to use a tab mark
here. If you just want an ampersand, the remedy is
simple: Just type `I\&' now. But if some right brace
up above has ended a previous alignment prematurely,
you're probably due for more error messages, and you
might try typing `S' now just to see what is salvageable.

Procotolo_deRevisao_import.tex:558: Misplaced alignment tab character &.
l.558 & \textbf{(\%)} &
                        \textbf{Classificação} \\
I can't figure out why you would want to use a tab mark
here. If you just want an ampersand, the remedy is
simple: Just type `I\&' now. But if some right brace
up above has ended a previous alignment prematurely,
you're probably due for more error messages, and you
might try typing `S' now just to see what is salvageable.

Procotolo_deRevisao_import.tex:559: Misplaced \noalign.
\hline ->\noalign 
                  {\ifnum 0=`}\fi \hrule \@height \arrayrulewidth \futurelet...
l.559 \hline
            
I expect to see \noalign only after the \cr of
an alignment. Proceed, and I'll ignore this case.

Procotolo_deRevisao_import.tex:566: Misplaced alignment tab character &.
\artigoAvaliado ...goAvaliado}\theartigoAvaliado &
                                                   #1 & #2 & #3 & #4 & #5 & ...
l.566 {2}
         %
I can't figure out why you would want to use a tab mark
here. If you just want an ampersand, the remedy is
simple: Just type `I\&' now. But if some right brace
up above has ended a previous alignment prematurely,
you're probably due for more error messages, and you
might try typing `S' now just to see what is salvageable.


LaTeX Warning: Citation `alves2025freertos' undefined on input line 566.

Procotolo_deRevisao_import.tex:566: Misplaced alignment tab character &.
\artigoAvaliado ...liado}\theartigoAvaliado & #1 &
                                                   #2 & #3 & #4 & #5 & #6 & ...
l.566 {2}
         %
I can't figure out why you would want to use a tab mark
here. If you just want an ampersand, the remedy is
simple: Just type `I\&' now. But if some right brace
up above has ended a previous alignment prematurely,
you're probably due for more error messages, and you
might try typing `S' now just to see what is salvageable.

Procotolo_deRevisao_import.tex:566: Misplaced alignment tab character &.
\artigoAvaliado ...}\theartigoAvaliado & #1 & #2 &
                                                   #3 & #4 & #5 & #6 & \numb...
l.566 {2}
         %
I can't figure out why you would want to use a tab mark
here. If you just want an ampersand, the remedy is
simple: Just type `I\&' now. But if some right brace
up above has ended a previous alignment prematurely,
you're probably due for more error messages, and you
might try typing `S' now just to see what is salvageable.

Procotolo_deRevisao_import.tex:566: Misplaced alignment tab character &.
\artigoAvaliado ...artigoAvaliado & #1 & #2 & #3 &
                                                   #4 & #5 & #6 & \number \n...
l.566 {2}
         %
I can't figure out why you would want to use a tab mark
here. If you just want an ampersand, the remedy is
simple: Just type `I\&' now. But if some right brace
up above has ended a previous alignment prematurely,
you're probably due for more error messages, and you
might try typing `S' now just to see what is salvageable.

Procotolo_deRevisao_import.tex:566: Misplaced alignment tab character &.
\artigoAvaliado ...oAvaliado & #1 & #2 & #3 & #4 &
                                                   #5 & #6 & \number \numexp...
l.566 {2}
         %
I can't figure out why you would want to use a tab mark
here. If you just want an ampersand, the remedy is
simple: Just type `I\&' now. But if some right brace
up above has ended a previous alignment prematurely,
you're probably due for more error messages, and you
might try typing `S' now just to see what is salvageable.

Procotolo_deRevisao_import.tex:566: Misplaced alignment tab character &.
\artigoAvaliado ...iado & #1 & #2 & #3 & #4 & #5 &
                                                   #6 & \number \numexpr #2+...
l.566 {2}
         %
I can't figure out why you would want to use a tab mark
here. If you just want an ampersand, the remedy is
simple: Just type `I\&' now. But if some right brace
up above has ended a previous alignment prematurely,
you're probably due for more error messages, and you
might try typing `S' now just to see what is salvageable.

Procotolo_deRevisao_import.tex:566: Misplaced alignment tab character &.
\artigoAvaliado ...& #1 & #2 & #3 & #4 & #5 & #6 &
                                                   \number \numexpr #2+#3+#4...
l.566 {2}
         %
I can't figure out why you would want to use a tab mark
here. If you just want an ampersand, the remedy is
simple: Just type `I\&' now. But if some right brace
up above has ended a previous alignment prematurely,
you're probably due for more error messages, and you
might try typing `S' now just to see what is salvageable.

Procotolo_deRevisao_import.tex:566: Misplaced alignment tab character &.
\artigoAvaliado ...numexpr #2+#3+#4+#5+#6 \relax &
                                                   \number \numexpr (#2+#3+#...
l.566 {2}
         %
I can't figure out why you would want to use a tab mark
here. If you just want an ampersand, the remedy is
simple: Just type `I\&' now. But if some right brace
up above has ended a previous alignment prematurely,
you're probably due for more error messages, and you
might try typing `S' now just to see what is salvageable.

Procotolo_deRevisao_import.tex:566: Misplaced alignment tab character &.
\artigoAvaliado ...(#2+#3+#4+#5+#6)*10 \relax \% &
                                                   \classificacaoAvaliacao {...
l.566 {2}
         %
I can't figure out why you would want to use a tab mark
here. If you just want an ampersand, the remedy is
simple: Just type `I\&' now. But if some right brace
up above has ended a previous alignment prematurely,
you're probably due for more error messages, and you
might try typing `S' now just to see what is salvageable.

Procotolo_deRevisao_import.tex:566: Misplaced \noalign.
\hline ->\noalign 
                  {\ifnum 0=`}\fi \hrule \@height \arrayrulewidth \futurelet...
l.566 {2}
         %
I expect to see \noalign only after the \cr of
an alignment. Proceed, and I'll ignore this case.

Procotolo_deRevisao_import.tex:572: Misplaced alignment tab character &.
\artigoAvaliado ...goAvaliado}\theartigoAvaliado &
                                                   #1 & #2 & #3 & #4 & #5 & ...
l.572 {1}
         %
I can't figure out why you would want to use a tab mark
here. If you just want an ampersand, the remedy is
simple: Just type `I\&' now. But if some right brace
up above has ended a previous alignment prematurely,
you're probably due for more error messages, and you
might try typing `S' now just to see what is salvageable.


LaTeX Warning: Citation `ladeira2024mliot' undefined on input line 572.

Procotolo_deRevisao_import.tex:572: Misplaced alignment tab character &.
\artigoAvaliado ...liado}\theartigoAvaliado & #1 &
                                                   #2 & #3 & #4 & #5 & #6 & ...
l.572 {1}
         %
I can't figure out why you would want to use a tab mark
here. If you just want an ampersand, the remedy is
simple: Just type `I\&' now. But if some right brace
up above has ended a previous alignment prematurely,
you're probably due for more error messages, and you
might try typing `S' now just to see what is salvageable.

Procotolo_deRevisao_import.tex:572: Misplaced alignment tab character &.
\artigoAvaliado ...}\theartigoAvaliado & #1 & #2 &
                                                   #3 & #4 & #5 & #6 & \numb...
l.572 {1}
         %
I can't figure out why you would want to use a tab mark
here. If you just want an ampersand, the remedy is
simple: Just type `I\&' now. But if some right brace
up above has ended a previous alignment prematurely,
you're probably due for more error messages, and you
might try typing `S' now just to see what is salvageable.

Procotolo_deRevisao_import.tex:572: Misplaced alignment tab character &.
\artigoAvaliado ...artigoAvaliado & #1 & #2 & #3 &
                                                   #4 & #5 & #6 & \number \n...
l.572 {1}
         %
I can't figure out why you would want to use a tab mark
here. If you just want an ampersand, the remedy is
simple: Just type `I\&' now. But if some right brace
up above has ended a previous alignment prematurely,
you're probably due for more error messages, and you
might try typing `S' now just to see what is salvageable.

Procotolo_deRevisao_import.tex:572: Misplaced alignment tab character &.
\artigoAvaliado ...oAvaliado & #1 & #2 & #3 & #4 &
                                                   #5 & #6 & \number \numexp...
l.572 {1}
         %
I can't figure out why you would want to use a tab mark
here. If you just want an ampersand, the remedy is
simple: Just type `I\&' now. But if some right brace
up above has ended a previous alignment prematurely,
you're probably due for more error messages, and you
might try typing `S' now just to see what is salvageable.

Procotolo_deRevisao_import.tex:572: Misplaced alignment tab character &.
\artigoAvaliado ...iado & #1 & #2 & #3 & #4 & #5 &
                                                   #6 & \number \numexpr #2+...
l.572 {1}
         %
I can't figure out why you would want to use a tab mark
here. If you just want an ampersand, the remedy is
simple: Just type `I\&' now. But if some right brace
up above has ended a previous alignment prematurely,
you're probably due for more error messages, and you
might try typing `S' now just to see what is salvageable.

Procotolo_deRevisao_import.tex:572: Misplaced alignment tab character &.
\artigoAvaliado ...& #1 & #2 & #3 & #4 & #5 & #6 &
                                                   \number \numexpr #2+#3+#4...
l.572 {1}
         %
I can't figure out why you would want to use a tab mark
here. If you just want an ampersand, the remedy is
simple: Just type `I\&' now. But if some right brace
up above has ended a previous alignment prematurely,
you're probably due for more error messages, and you
might try typing `S' now just to see what is salvageable.

Procotolo_deRevisao_import.tex:572: Misplaced alignment tab character &.
\artigoAvaliado ...numexpr #2+#3+#4+#5+#6 \relax &
                                                   \number \numexpr (#2+#3+#...
l.572 {1}
         %
I can't figure out why you would want to use a tab mark
here. If you just want an ampersand, the remedy is
simple: Just type `I\&' now. But if some right brace
up above has ended a previous alignment prematurely,
you're probably due for more error messages, and you
might try typing `S' now just to see what is salvageable.

Procotolo_deRevisao_import.tex:572: Misplaced alignment tab character &.
\artigoAvaliado ...(#2+#3+#4+#5+#6)*10 \relax \% &
                                                   \classificacaoAvaliacao {...
l.572 {1}
         %
I can't figure out why you would want to use a tab mark
here. If you just want an ampersand, the remedy is
simple: Just type `I\&' now. But if some right brace
up above has ended a previous alignment prematurely,
you're probably due for more error messages, and you
might try typing `S' now just to see what is salvageable.

Procotolo_deRevisao_import.tex:572: Misplaced \noalign.
\hline ->\noalign 
                  {\ifnum 0=`}\fi \hrule \@height \arrayrulewidth \futurelet...
l.572 {1}
         %
I expect to see \noalign only after the \cr of
an alignment. Proceed, and I'll ignore this case.

Procotolo_deRevisao_import.tex:578: Misplaced alignment tab character &.
\artigoAvaliado ...goAvaliado}\theartigoAvaliado &
                                                   #1 & #2 & #3 & #4 & #5 & ...
l.578 {1}
         %
I can't figure out why you would want to use a tab mark
here. If you just want an ampersand, the remedy is
simple: Just type `I\&' now. But if some right brace
up above has ended a previous alignment prematurely,
you're probably due for more error messages, and you
might try typing `S' now just to see what is salvageable.


LaTeX Warning: Citation `rodrigues2024tinyml' undefined on input line 578.

Procotolo_deRevisao_import.tex:578: Misplaced alignment tab character &.
\artigoAvaliado ...liado}\theartigoAvaliado & #1 &
                                                   #2 & #3 & #4 & #5 & #6 & ...
l.578 {1}
         %
I can't figure out why you would want to use a tab mark
here. If you just want an ampersand, the remedy is
simple: Just type `I\&' now. But if some right brace
up above has ended a previous alignment prematurely,
you're probably due for more error messages, and you
might try typing `S' now just to see what is salvageable.

Procotolo_deRevisao_import.tex:578: Misplaced alignment tab character &.
\artigoAvaliado ...}\theartigoAvaliado & #1 & #2 &
                                                   #3 & #4 & #5 & #6 & \numb...
l.578 {1}
         %
I can't figure out why you would want to use a tab mark
here. If you just want an ampersand, the remedy is
simple: Just type `I\&' now. But if some right brace
up above has ended a previous alignment prematurely,
you're probably due for more error messages, and you
might try typing `S' now just to see what is salvageable.

Procotolo_deRevisao_import.tex:578: Misplaced alignment tab character &.
\artigoAvaliado ...artigoAvaliado & #1 & #2 & #3 &
                                                   #4 & #5 & #6 & \number \n...
l.578 {1}
         %
I can't figure out why you would want to use a tab mark
here. If you just want an ampersand, the remedy is
simple: Just type `I\&' now. But if some right brace
up above has ended a previous alignment prematurely,
you're probably due for more error messages, and you
might try typing `S' now just to see what is salvageable.

Procotolo_deRevisao_import.tex:578: Misplaced alignment tab character &.
\artigoAvaliado ...oAvaliado & #1 & #2 & #3 & #4 &
                                                   #5 & #6 & \number \numexp...
l.578 {1}
         %
I can't figure out why you would want to use a tab mark
here. If you just want an ampersand, the remedy is
simple: Just type `I\&' now. But if some right brace
up above has ended a previous alignment prematurely,
you're probably due for more error messages, and you
might try typing `S' now just to see what is salvageable.

Procotolo_deRevisao_import.tex:578: Misplaced alignment tab character &.
\artigoAvaliado ...iado & #1 & #2 & #3 & #4 & #5 &
                                                   #6 & \number \numexpr #2+...
l.578 {1}
         %
I can't figure out why you would want to use a tab mark
here. If you just want an ampersand, the remedy is
simple: Just type `I\&' now. But if some right brace
up above has ended a previous alignment prematurely,
you're probably due for more error messages, and you
might try typing `S' now just to see what is salvageable.

Procotolo_deRevisao_import.tex:578: Misplaced alignment tab character &.
\artigoAvaliado ...& #1 & #2 & #3 & #4 & #5 & #6 &
                                                   \number \numexpr #2+#3+#4...
l.578 {1}
         %
I can't figure out why you would want to use a tab mark
here. If you just want an ampersand, the remedy is
simple: Just type `I\&' now. But if some right brace
up above has ended a previous alignment prematurely,
you're probably due for more error messages, and you
might try typing `S' now just to see what is salvageable.

Procotolo_deRevisao_import.tex:578: Misplaced alignment tab character &.
\artigoAvaliado ...numexpr #2+#3+#4+#5+#6 \relax &
                                                   \number \numexpr (#2+#3+#...
l.578 {1}
         %
I can't figure out why you would want to use a tab mark
here. If you just want an ampersand, the remedy is
simple: Just type `I\&' now. But if some right brace
up above has ended a previous alignment prematurely,
you're probably due for more error messages, and you
might try typing `S' now just to see what is salvageable.

Procotolo_deRevisao_import.tex:578: Misplaced alignment tab character &.
\artigoAvaliado ...(#2+#3+#4+#5+#6)*10 \relax \% &
                                                   \classificacaoAvaliacao {...
l.578 {1}
         %
I can't figure out why you would want to use a tab mark
here. If you just want an ampersand, the remedy is
simple: Just type `I\&' now. But if some right brace
up above has ended a previous alignment prematurely,
you're probably due for more error messages, and you
might try typing `S' now just to see what is salvageable.

Procotolo_deRevisao_import.tex:578: Misplaced \noalign.
\hline ->\noalign 
                  {\ifnum 0=`}\fi \hrule \@height \arrayrulewidth \futurelet...
l.578 {1}
         %
I expect to see \noalign only after the \cr of
an alignment. Proceed, and I'll ignore this case.

Procotolo_deRevisao_import.tex:584: Misplaced alignment tab character &.
\artigoAvaliado ...goAvaliado}\theartigoAvaliado &
                                                   #1 & #2 & #3 & #4 & #5 & ...
l.584 {1}
         %
I can't figure out why you would want to use a tab mark
here. If you just want an ampersand, the remedy is
simple: Just type `I\&' now. But if some right brace
up above has ended a previous alignment prematurely,
you're probably due for more error messages, and you
might try typing `S' now just to see what is salvageable.


LaTeX Warning: Citation `wcama' undefined on input line 584.

Procotolo_deRevisao_import.tex:584: Misplaced alignment tab character &.
\artigoAvaliado ...liado}\theartigoAvaliado & #1 &
                                                   #2 & #3 & #4 & #5 & #6 & ...
l.584 {1}
         %
I can't figure out why you would want to use a tab mark
here. If you just want an ampersand, the remedy is
simple: Just type `I\&' now. But if some right brace
up above has ended a previous alignment prematurely,
you're probably due for more error messages, and you
might try typing `S' now just to see what is salvageable.

Procotolo_deRevisao_import.tex:584: Misplaced alignment tab character &.
\artigoAvaliado ...}\theartigoAvaliado & #1 & #2 &
                                                   #3 & #4 & #5 & #6 & \numb...
l.584 {1}
         %
I can't figure out why you would want to use a tab mark
here. If you just want an ampersand, the remedy is
simple: Just type `I\&' now. But if some right brace
up above has ended a previous alignment prematurely,
you're probably due for more error messages, and you
might try typing `S' now just to see what is salvageable.

Procotolo_deRevisao_import.tex:584: Misplaced alignment tab character &.
\artigoAvaliado ...artigoAvaliado & #1 & #2 & #3 &
                                                   #4 & #5 & #6 & \number \n...
l.584 {1}
         %
I can't figure out why you would want to use a tab mark
here. If you just want an ampersand, the remedy is
simple: Just type `I\&' now. But if some right brace
up above has ended a previous alignment prematurely,
you're probably due for more error messages, and you
might try typing `S' now just to see what is salvageable.

Procotolo_deRevisao_import.tex:584: Misplaced alignment tab character &.
\artigoAvaliado ...oAvaliado & #1 & #2 & #3 & #4 &
                                                   #5 & #6 & \number \numexp...
l.584 {1}
         %
I can't figure out why you would want to use a tab mark
here. If you just want an ampersand, the remedy is
simple: Just type `I\&' now. But if some right brace
up above has ended a previous alignment prematurely,
you're probably due for more error messages, and you
might try typing `S' now just to see what is salvageable.

Procotolo_deRevisao_import.tex:584: Misplaced alignment tab character &.
\artigoAvaliado ...iado & #1 & #2 & #3 & #4 & #5 &
                                                   #6 & \number \numexpr #2+...
l.584 {1}
         %
I can't figure out why you would want to use a tab mark
here. If you just want an ampersand, the remedy is
simple: Just type `I\&' now. But if some right brace
up above has ended a previous alignment prematurely,
you're probably due for more error messages, and you
might try typing `S' now just to see what is salvageable.

Procotolo_deRevisao_import.tex:584: Misplaced alignment tab character &.
\artigoAvaliado ...& #1 & #2 & #3 & #4 & #5 & #6 &
                                                   \number \numexpr #2+#3+#4...
l.584 {1}
         %
I can't figure out why you would want to use a tab mark
here. If you just want an ampersand, the remedy is
simple: Just type `I\&' now. But if some right brace
up above has ended a previous alignment prematurely,
you're probably due for more error messages, and you
might try typing `S' now just to see what is salvageable.

Procotolo_deRevisao_import.tex:584: Misplaced alignment tab character &.
\artigoAvaliado ...numexpr #2+#3+#4+#5+#6 \relax &
                                                   \number \numexpr (#2+#3+#...
l.584 {1}
         %
I can't figure out why you would want to use a tab mark
here. If you just want an ampersand, the remedy is
simple: Just type `I\&' now. But if some right brace
up above has ended a previous alignment prematurely,
you're probably due for more error messages, and you
might try typing `S' now just to see what is salvageable.

Procotolo_deRevisao_import.tex:584: Misplaced alignment tab character &.
\artigoAvaliado ...(#2+#3+#4+#5+#6)*10 \relax \% &
                                                   \classificacaoAvaliacao {...
l.584 {1}
         %
I can't figure out why you would want to use a tab mark
here. If you just want an ampersand, the remedy is
simple: Just type `I\&' now. But if some right brace
up above has ended a previous alignment prematurely,
you're probably due for more error messages, and you
might try typing `S' now just to see what is salvageable.

Procotolo_deRevisao_import.tex:584: Misplaced \noalign.
\hline ->\noalign 
                  {\ifnum 0=`}\fi \hrule \@height \arrayrulewidth \futurelet...
l.584 {1}
         %
I expect to see \noalign only after the \cr of
an alignment. Proceed, and I'll ignore this case.

Procotolo_deRevisao_import.tex:590: Misplaced alignment tab character &.
\artigoAvaliado ...goAvaliado}\theartigoAvaliado &
                                                   #1 & #2 & #3 & #4 & #5 & ...
l.590 {1}
         %
I can't figure out why you would want to use a tab mark
here. If you just want an ampersand, the remedy is
simple: Just type `I\&' now. But if some right brace
up above has ended a previous alignment prematurely,
you're probably due for more error messages, and you
might try typing `S' now just to see what is salvageable.


LaTeX Warning: Citation `villarim2020sensor' undefined on input line 590.

Procotolo_deRevisao_import.tex:590: Misplaced alignment tab character &.
\artigoAvaliado ...liado}\theartigoAvaliado & #1 &
                                                   #2 & #3 & #4 & #5 & #6 & ...
l.590 {1}
         %
I can't figure out why you would want to use a tab mark
here. If you just want an ampersand, the remedy is
simple: Just type `I\&' now. But if some right brace
up above has ended a previous alignment prematurely,
you're probably due for more error messages, and you
might try typing `S' now just to see what is salvageable.

Procotolo_deRevisao_import.tex:590: Misplaced alignment tab character &.
\artigoAvaliado ...}\theartigoAvaliado & #1 & #2 &
                                                   #3 & #4 & #5 & #6 & \numb...
l.590 {1}
         %
I can't figure out why you would want to use a tab mark
here. If you just want an ampersand, the remedy is
simple: Just type `I\&' now. But if some right brace
up above has ended a previous alignment prematurely,
you're probably due for more error messages, and you
might try typing `S' now just to see what is salvageable.

Procotolo_deRevisao_import.tex:590: Misplaced alignment tab character &.
\artigoAvaliado ...artigoAvaliado & #1 & #2 & #3 &
                                                   #4 & #5 & #6 & \number \n...
l.590 {1}
         %
I can't figure out why you would want to use a tab mark
here. If you just want an ampersand, the remedy is
simple: Just type `I\&' now. But if some right brace
up above has ended a previous alignment prematurely,
you're probably due for more error messages, and you
might try typing `S' now just to see what is salvageable.

Procotolo_deRevisao_import.tex:590: Misplaced alignment tab character &.
\artigoAvaliado ...oAvaliado & #1 & #2 & #3 & #4 &
                                                   #5 & #6 & \number \numexp...
l.590 {1}
         %
I can't figure out why you would want to use a tab mark
here. If you just want an ampersand, the remedy is
simple: Just type `I\&' now. But if some right brace
up above has ended a previous alignment prematurely,
you're probably due for more error messages, and you
might try typing `S' now just to see what is salvageable.

Procotolo_deRevisao_import.tex:590: Misplaced alignment tab character &.
\artigoAvaliado ...iado & #1 & #2 & #3 & #4 & #5 &
                                                   #6 & \number \numexpr #2+...
l.590 {1}
         %
I can't figure out why you would want to use a tab mark
here. If you just want an ampersand, the remedy is
simple: Just type `I\&' now. But if some right brace
up above has ended a previous alignment prematurely,
you're probably due for more error messages, and you
might try typing `S' now just to see what is salvageable.

Procotolo_deRevisao_import.tex:590: Misplaced alignment tab character &.
\artigoAvaliado ...& #1 & #2 & #3 & #4 & #5 & #6 &
                                                   \number \numexpr #2+#3+#4...
l.590 {1}
         %
I can't figure out why you would want to use a tab mark
here. If you just want an ampersand, the remedy is
simple: Just type `I\&' now. But if some right brace
up above has ended a previous alignment prematurely,
you're probably due for more error messages, and you
might try typing `S' now just to see what is salvageable.

Procotolo_deRevisao_import.tex:590: Misplaced alignment tab character &.
\artigoAvaliado ...numexpr #2+#3+#4+#5+#6 \relax &
                                                   \number \numexpr (#2+#3+#...
l.590 {1}
         %
I can't figure out why you would want to use a tab mark
here. If you just want an ampersand, the remedy is
simple: Just type `I\&' now. But if some right brace
up above has ended a previous alignment prematurely,
you're probably due for more error messages, and you
might try typing `S' now just to see what is salvageable.

Procotolo_deRevisao_import.tex:590: Misplaced alignment tab character &.
\artigoAvaliado ...(#2+#3+#4+#5+#6)*10 \relax \% &
                                                   \classificacaoAvaliacao {...
l.590 {1}
         %
I can't figure out why you would want to use a tab mark
here. If you just want an ampersand, the remedy is
simple: Just type `I\&' now. But if some right brace
up above has ended a previous alignment prematurely,
you're probably due for more error messages, and you
might try typing `S' now just to see what is salvageable.

Procotolo_deRevisao_import.tex:590: Misplaced \noalign.
\hline ->\noalign 
                  {\ifnum 0=`}\fi \hrule \@height \arrayrulewidth \futurelet...
l.590 {1}
         %
I expect to see \noalign only after the \cr of
an alignment. Proceed, and I'll ignore this case.

Procotolo_deRevisao_import.tex:596: Misplaced alignment tab character &.
\artigoAvaliado ...goAvaliado}\theartigoAvaliado &
                                                   #1 & #2 & #3 & #4 & #5 & ...
l.596 {1}
         %
I can't figure out why you would want to use a tab mark
here. If you just want an ampersand, the remedy is
simple: Just type `I\&' now. But if some right brace
up above has ended a previous alignment prematurely,
you're probably due for more error messages, and you
might try typing `S' now just to see what is salvageable.


LaTeX Warning: Citation `cunha2024' undefined on input line 596.

Procotolo_deRevisao_import.tex:596: Misplaced alignment tab character &.
\artigoAvaliado ...liado}\theartigoAvaliado & #1 &
                                                   #2 & #3 & #4 & #5 & #6 & ...
l.596 {1}
         %
I can't figure out why you would want to use a tab mark
here. If you just want an ampersand, the remedy is
simple: Just type `I\&' now. But if some right brace
up above has ended a previous alignment prematurely,
you're probably due for more error messages, and you
might try typing `S' now just to see what is salvageable.

Procotolo_deRevisao_import.tex:596: Misplaced alignment tab character &.
\artigoAvaliado ...}\theartigoAvaliado & #1 & #2 &
                                                   #3 & #4 & #5 & #6 & \numb...
l.596 {1}
         %
I can't figure out why you would want to use a tab mark
here. If you just want an ampersand, the remedy is
simple: Just type `I\&' now. But if some right brace
up above has ended a previous alignment prematurely,
you're probably due for more error messages, and you
might try typing `S' now just to see what is salvageable.

Procotolo_deRevisao_import.tex:596: Misplaced alignment tab character &.
\artigoAvaliado ...artigoAvaliado & #1 & #2 & #3 &
                                                   #4 & #5 & #6 & \number \n...
l.596 {1}
         %
I can't figure out why you would want to use a tab mark
here. If you just want an ampersand, the remedy is
simple: Just type `I\&' now. But if some right brace
up above has ended a previous alignment prematurely,
you're probably due for more error messages, and you
might try typing `S' now just to see what is salvageable.

Procotolo_deRevisao_import.tex:596: Misplaced alignment tab character &.
\artigoAvaliado ...oAvaliado & #1 & #2 & #3 & #4 &
                                                   #5 & #6 & \number \numexp...
l.596 {1}
         %
I can't figure out why you would want to use a tab mark
here. If you just want an ampersand, the remedy is
simple: Just type `I\&' now. But if some right brace
up above has ended a previous alignment prematurely,
you're probably due for more error messages, and you
might try typing `S' now just to see what is salvageable.

Procotolo_deRevisao_import.tex:596: Misplaced alignment tab character &.
\artigoAvaliado ...iado & #1 & #2 & #3 & #4 & #5 &
                                                   #6 & \number \numexpr #2+...
l.596 {1}
         %
I can't figure out why you would want to use a tab mark
here. If you just want an ampersand, the remedy is
simple: Just type `I\&' now. But if some right brace
up above has ended a previous alignment prematurely,
you're probably due for more error messages, and you
might try typing `S' now just to see what is salvageable.

Procotolo_deRevisao_import.tex:596: Misplaced alignment tab character &.
\artigoAvaliado ...& #1 & #2 & #3 & #4 & #5 & #6 &
                                                   \number \numexpr #2+#3+#4...
l.596 {1}
         %
I can't figure out why you would want to use a tab mark
here. If you just want an ampersand, the remedy is
simple: Just type `I\&' now. But if some right brace
up above has ended a previous alignment prematurely,
you're probably due for more error messages, and you
might try typing `S' now just to see what is salvageable.

Procotolo_deRevisao_import.tex:596: Misplaced alignment tab character &.
\artigoAvaliado ...numexpr #2+#3+#4+#5+#6 \relax &
                                                   \number \numexpr (#2+#3+#...
l.596 {1}
         %
I can't figure out why you would want to use a tab mark
here. If you just want an ampersand, the remedy is
simple: Just type `I\&' now. But if some right brace
up above has ended a previous alignment prematurely,
you're probably due for more error messages, and you
might try typing `S' now just to see what is salvageable.

Procotolo_deRevisao_import.tex:596: Misplaced alignment tab character &.
\artigoAvaliado ...(#2+#3+#4+#5+#6)*10 \relax \% &
                                                   \classificacaoAvaliacao {...
l.596 {1}
         %
I can't figure out why you would want to use a tab mark
here. If you just want an ampersand, the remedy is
simple: Just type `I\&' now. But if some right brace
up above has ended a previous alignment prematurely,
you're probably due for more error messages, and you
might try typing `S' now just to see what is salvageable.

Procotolo_deRevisao_import.tex:596: Misplaced \noalign.
\hline ->\noalign 
                  {\ifnum 0=`}\fi \hrule \@height \arrayrulewidth \futurelet...
l.596 {1}
         %
I expect to see \noalign only after the \cr of
an alignment. Proceed, and I'll ignore this case.


Procotolo_deRevisao_import.tex:599: LaTeX Error: \begin{document} ended by \end{tabularx}.

See the LaTeX manual or LaTeX Companion for explanation.
Type  H <return>  for immediate help.
 ...                                              
                                                  
l.599 \end{tabularx}
                    
Your command was ignored.
Type  I <command> <return>  to replace it with another command,
or  <return>  to continue without it.


Procotolo_deRevisao_import.tex:600: LaTeX Error: \begin{document} ended by \end{table}.

See the LaTeX manual or LaTeX Companion for explanation.
Type  H <return>  for immediate help.
 ...                                              
                                                  
l.600 \end{table}
                 
Your command was ignored.
Type  I <command> <return>  to replace it with another command,
or  <return>  to continue without it.


Procotolo_deRevisao_import.tex:602: LaTeX Error: The font size command \normalsize is not defined:
               there is probably something wrong with the class file.

See the LaTeX manual or LaTeX Companion for explanation.
Type  H <return>  for immediate help.
 ...                                              
                                                  
l.602 \newpage
              
Your command was ignored.
Type  I <command> <return>  to replace it with another command,
or  <return>  to continue without it.

[3]
Procotolo_deRevisao_import.tex:603: Undefined control sequence.
l.603 \section
              *{FORMULÁRIO DE EXTRAÇÃO DE DADOS}
The control sequence at the end of the top line
of your error message was never \def'ed. If you have
misspelled it (e.g., `\hobx'), type `I' and the correct
spelling (e.g., `I\hbox'). Otherwise just continue,
and I'll forget about whatever was undefined.

Procotolo_deRevisao_import.tex:641: Undefined control sequence.
\formularioExtracaoDadosSomenteBibtex ...bsection 
                                                  *{#1º}\campoForm {Título...
l.641 ...teway Dragino DLOS8N, e nuvem IBM Cloud.}
                                                  % estudo
The control sequence at the end of the top line
of your error message was never \def'ed. If you have
misspelled it (e.g., `\hobx'), type `I' and the correct
spelling (e.g., `I\hbox'). Otherwise just continue,
and I'll forget about whatever was undefined.

Procotolo_deRevisao_import.tex:641: Undefined control sequence.
\campoForm #1#2->\ifstrempty 
                             {#2} {} {\noindent \textbf {#1} #2\par }
l.641 ...teway Dragino DLOS8N, e nuvem IBM Cloud.}
                                                  % estudo
The control sequence at the end of the top line
of your error message was never \def'ed. If you have
misspelled it (e.g., `\hobx'), type `I' and the correct
spelling (e.g., `I\hbox'). Otherwise just continue,
and I'll forget about whatever was undefined.

Procotolo_deRevisao_import.tex:641: Undefined control sequence.
<argument> \citetitle 
                      {alves2025freertos}
l.641 ...teway Dragino DLOS8N, e nuvem IBM Cloud.}
                                                  % estudo
The control sequence at the end of the top line
of your error message was never \def'ed. If you have
misspelled it (e.g., `\hobx'), type `I' and the correct
spelling (e.g., `I\hbox'). Otherwise just continue,
and I'll forget about whatever was undefined.

Procotolo_deRevisao_import.tex:641: Undefined control sequence.
<argument> \citetitle 
                      {alves2025freertos}
l.641 ...teway Dragino DLOS8N, e nuvem IBM Cloud.}
                                                  % estudo
The control sequence at the end of the top line
of your error message was never \def'ed. If you have
misspelled it (e.g., `\hobx'), type `I' and the correct
spelling (e.g., `I\hbox'). Otherwise just continue,
and I'll forget about whatever was undefined.

Procotolo_deRevisao_import.tex:641: Undefined control sequence.
\campoForm #1#2->\ifstrempty 
                             {#2} {} {\noindent \textbf {#1} #2\par }
l.641 ...teway Dragino DLOS8N, e nuvem IBM Cloud.}
                                                  % estudo
The control sequence at the end of the top line
of your error message was never \def'ed. If you have
misspelled it (e.g., `\hobx'), type `I' and the correct
spelling (e.g., `I\hbox'). Otherwise just continue,
and I'll forget about whatever was undefined.

Procotolo_deRevisao_import.tex:641: Undefined control sequence.
<argument> \citeauthor 
                       {alves2025freertos}
l.641 ...teway Dragino DLOS8N, e nuvem IBM Cloud.}
                                                  % estudo
The control sequence at the end of the top line
of your error message was never \def'ed. If you have
misspelled it (e.g., `\hobx'), type `I' and the correct
spelling (e.g., `I\hbox'). Otherwise just continue,
and I'll forget about whatever was undefined.

Procotolo_deRevisao_import.tex:641: Undefined control sequence.
<argument> \citeauthor 
                       {alves2025freertos}
l.641 ...teway Dragino DLOS8N, e nuvem IBM Cloud.}
                                                  % estudo
The control sequence at the end of the top line
of your error message was never \def'ed. If you have
misspelled it (e.g., `\hobx'), type `I' and the correct
spelling (e.g., `I\hbox'). Otherwise just continue,
and I'll forget about whatever was undefined.

Procotolo_deRevisao_import.tex:641: Undefined control sequence.
\campoForm #1#2->\ifstrempty 
                             {#2} {} {\noindent \textbf {#1} #2\par }
l.641 ...teway Dragino DLOS8N, e nuvem IBM Cloud.}
                                                  % estudo
The control sequence at the end of the top line
of your error message was never \def'ed. If you have
misspelled it (e.g., `\hobx'), type `I' and the correct
spelling (e.g., `I\hbox'). Otherwise just continue,
and I'll forget about whatever was undefined.

Procotolo_deRevisao_import.tex:641: Undefined control sequence.
<argument> \citeyear 
                     {alves2025freertos}
l.641 ...teway Dragino DLOS8N, e nuvem IBM Cloud.}
                                                  % estudo
The control sequence at the end of the top line
of your error message was never \def'ed. If you have
misspelled it (e.g., `\hobx'), type `I' and the correct
spelling (e.g., `I\hbox'). Otherwise just continue,
and I'll forget about whatever was undefined.

Procotolo_deRevisao_import.tex:641: Undefined control sequence.
<argument> \citeyear 
                     {alves2025freertos}
l.641 ...teway Dragino DLOS8N, e nuvem IBM Cloud.}
                                                  % estudo
The control sequence at the end of the top line
of your error message was never \def'ed. If you have
misspelled it (e.g., `\hobx'), type `I' and the correct
spelling (e.g., `I\hbox'). Otherwise just continue,
and I'll forget about whatever was undefined.

Procotolo_deRevisao_import.tex:641: Undefined control sequence.
\campoForm #1#2->\ifstrempty 
                             {#2} {} {\noindent \textbf {#1} #2\par }
l.641 ...teway Dragino DLOS8N, e nuvem IBM Cloud.}
                                                  % estudo
The control sequence at the end of the top line
of your error message was never \def'ed. If you have
misspelled it (e.g., `\hobx'), type `I' and the correct
spelling (e.g., `I\hbox'). Otherwise just continue,
and I'll forget about whatever was undefined.

Procotolo_deRevisao_import.tex:641: Undefined control sequence.
\campoForm #1#2->\ifstrempty 
                             {#2} {} {\noindent \textbf {#1} #2\par }
l.641 ...teway Dragino DLOS8N, e nuvem IBM Cloud.}
                                                  % estudo
The control sequence at the end of the top line
of your error message was never \def'ed. If you have
misspelled it (e.g., `\hobx'), type `I' and the correct
spelling (e.g., `I\hbox'). Otherwise just continue,
and I'll forget about whatever was undefined.

Procotolo_deRevisao_import.tex:641: Undefined control sequence.
\campoForm #1#2->\ifstrempty 
                             {#2} {} {\noindent \textbf {#1} #2\par }
l.641 ...teway Dragino DLOS8N, e nuvem IBM Cloud.}
                                                  % estudo
The control sequence at the end of the top line
of your error message was never \def'ed. If you have
misspelled it (e.g., `\hobx'), type `I' and the correct
spelling (e.g., `I\hbox'). Otherwise just continue,
and I'll forget about whatever was undefined.

Procotolo_deRevisao_import.tex:641: Undefined control sequence.
\campoForm #1#2->\ifstrempty 
                             {#2} {} {\noindent \textbf {#1} #2\par }
l.641 ...teway Dragino DLOS8N, e nuvem IBM Cloud.}
                                                  % estudo
The control sequence at the end of the top line
of your error message was never \def'ed. If you have
misspelled it (e.g., `\hobx'), type `I' and the correct
spelling (e.g., `I\hbox'). Otherwise just continue,
and I'll forget about whatever was undefined.

Procotolo_deRevisao_import.tex:641: Undefined control sequence.
\campoForm #1#2->\ifstrempty 
                             {#2} {} {\noindent \textbf {#1} #2\par }
l.641 ...teway Dragino DLOS8N, e nuvem IBM Cloud.}
                                                  % estudo
The control sequence at the end of the top line
of your error message was never \def'ed. If you have
misspelled it (e.g., `\hobx'), type `I' and the correct
spelling (e.g., `I\hbox'). Otherwise just continue,
and I'll forget about whatever was undefined.


LaTeX Warning: Citation `alves2025freertos' undefined on input line 641.

Procotolo_deRevisao_import.tex:644: Undefined control sequence.
\campoForm #1#2->\ifstrempty 
                             {#2} {} {\noindent \textbf {#1} #2\par }
l.644 ...samea2016,septian2022}, justificativa={}}
                                                  
The control sequence at the end of the top line
of your error message was never \def'ed. If you have
misspelled it (e.g., `\hobx'), type `I' and the correct
spelling (e.g., `I\hbox'). Otherwise just continue,
and I'll forget about whatever was undefined.

Procotolo_deRevisao_import.tex:644: Undefined control sequence.
\campoForm #1#2->\ifstrempty 
                             {#2} {} {\noindent \textbf {#1} #2\par }
l.644 ...samea2016,septian2022}, justificativa={}}
                                                  
The control sequence at the end of the top line
of your error message was never \def'ed. If you have
misspelled it (e.g., `\hobx'), type `I' and the correct
spelling (e.g., `I\hbox'). Otherwise just continue,
and I'll forget about whatever was undefined.

Procotolo_deRevisao_import.tex:644: Undefined control sequence.
\campoForm #1#2->\ifstrempty 
                             {#2} {} {\noindent \textbf {#1} #2\par }
l.644 ...samea2016,septian2022}, justificativa={}}
                                                  
The control sequence at the end of the top line
of your error message was never \def'ed. If you have
misspelled it (e.g., `\hobx'), type `I' and the correct
spelling (e.g., `I\hbox'). Otherwise just continue,
and I'll forget about whatever was undefined.

Procotolo_deRevisao_import.tex:644: Undefined control sequence.
\campoForm #1#2->\ifstrempty 
                             {#2} {} {\noindent \textbf {#1} #2\par }
l.644 ...samea2016,septian2022}, justificativa={}}
                                                  
The control sequence at the end of the top line
of your error message was never \def'ed. If you have
misspelled it (e.g., `\hobx'), type `I' and the correct
spelling (e.g., `I\hbox'). Otherwise just continue,
and I'll forget about whatever was undefined.

Procotolo_deRevisao_import.tex:644: Undefined control sequence.
\campoForm #1#2->\ifstrempty 
                             {#2} {} {\noindent \textbf {#1} #2\par }
l.644 ...samea2016,septian2022}, justificativa={}}
                                                  
The control sequence at the end of the top line
of your error message was never \def'ed. If you have
misspelled it (e.g., `\hobx'), type `I' and the correct
spelling (e.g., `I\hbox'). Otherwise just continue,
and I'll forget about whatever was undefined.

Procotolo_deRevisao_import.tex:644: Undefined control sequence.
\campoForm #1#2->\ifstrempty 
                             {#2} {} {\noindent \textbf {#1} #2\par }
l.644 ...samea2016,septian2022}, justificativa={}}
                                                  
The control sequence at the end of the top line
of your error message was never \def'ed. If you have
misspelled it (e.g., `\hobx'), type `I' and the correct
spelling (e.g., `I\hbox'). Otherwise just continue,
and I'll forget about whatever was undefined.

Procotolo_deRevisao_import.tex:644: Undefined control sequence.
\campoForm #1#2->\ifstrempty 
                             {#2} {} {\noindent \textbf {#1} #2\par }
l.644 ...samea2016,septian2022}, justificativa={}}
                                                  
The control sequence at the end of the top line
of your error message was never \def'ed. If you have
misspelled it (e.g., `\hobx'), type `I' and the correct
spelling (e.g., `I\hbox'). Otherwise just continue,
and I'll forget about whatever was undefined.

Procotolo_deRevisao_import.tex:644: Undefined control sequence.
\campoForm #1#2->\ifstrempty 
                             {#2} {} {\noindent \textbf {#1} #2\par }
l.644 ...samea2016,septian2022}, justificativa={}}
                                                  
The control sequence at the end of the top line
of your error message was never \def'ed. If you have
misspelled it (e.g., `\hobx'), type `I' and the correct
spelling (e.g., `I\hbox'). Otherwise just continue,
and I'll forget about whatever was undefined.

Procotolo_deRevisao_import.tex:644: Undefined control sequence.
\campoForm #1#2->\ifstrempty 
                             {#2} {} {\noindent \textbf {#1} #2\par }
l.644 ...samea2016,septian2022}, justificativa={}}
                                                  
The control sequence at the end of the top line
of your error message was never \def'ed. If you have
misspelled it (e.g., `\hobx'), type `I' and the correct
spelling (e.g., `I\hbox'). Otherwise just continue,
and I'll forget about whatever was undefined.

Procotolo_deRevisao_import.tex:644: Undefined control sequence.
\campoForm #1#2->\ifstrempty 
                             {#2} {} {\noindent \textbf {#1} #2\par }
l.644 ...samea2016,septian2022}, justificativa={}}
                                                  
The control sequence at the end of the top line
of your error message was never \def'ed. If you have
misspelled it (e.g., `\hobx'), type `I' and the correct
spelling (e.g., `I\hbox'). Otherwise just continue,
and I'll forget about whatever was undefined.

Procotolo_deRevisao_import.tex:644: Undefined control sequence.
\__clist_map_1:w #1->\par \noindent \fullcite 
                                              {#1}\par 
l.644 ...samea2016,septian2022}, justificativa={}}
                                                  
The control sequence at the end of the top line
of your error message was never \def'ed. If you have
misspelled it (e.g., `\hobx'), type `I' and the correct
spelling (e.g., `I\hbox'). Otherwise just continue,
and I'll forget about whatever was undefined.

Procotolo_deRevisao_import.tex:644: Undefined control sequence.
\__clist_map_1:w #1->\par \noindent \fullcite 
                                              {#1}\par 
l.644 ...samea2016,septian2022}, justificativa={}}
                                                  
The control sequence at the end of the top line
of your error message was never \def'ed. If you have
misspelled it (e.g., `\hobx'), type `I' and the correct
spelling (e.g., `I\hbox'). Otherwise just continue,
and I'll forget about whatever was undefined.

Procotolo_deRevisao_import.tex:644: Undefined control sequence.
\__clist_map_1:w #1->\par \noindent \fullcite 
                                              {#1}\par 
l.644 ...samea2016,septian2022}, justificativa={}}
                                                  
The control sequence at the end of the top line
of your error message was never \def'ed. If you have
misspelled it (e.g., `\hobx'), type `I' and the correct
spelling (e.g., `I\hbox'). Otherwise just continue,
and I'll forget about whatever was undefined.

Procotolo_deRevisao_import.tex:644: Undefined control sequence.
\__clist_map_1:w #1->\par \noindent \fullcite 
                                              {#1}\par 
l.644 ...samea2016,septian2022}, justificativa={}}
                                                  
The control sequence at the end of the top line
of your error message was never \def'ed. If you have
misspelled it (e.g., `\hobx'), type `I' and the correct
spelling (e.g., `I\hbox'). Otherwise just continue,
and I'll forget about whatever was undefined.

Procotolo_deRevisao_import.tex:644: Undefined control sequence.
\__clist_map_1:w #1->\par \noindent \fullcite 
                                              {#1}\par 
l.644 ...samea2016,septian2022}, justificativa={}}
                                                  
The control sequence at the end of the top line
of your error message was never \def'ed. If you have
misspelled it (e.g., `\hobx'), type `I' and the correct
spelling (e.g., `I\hbox'). Otherwise just continue,
and I'll forget about whatever was undefined.

Procotolo_deRevisao_import.tex:644: Undefined control sequence.
\__clist_map_1:w #1->\par \noindent \fullcite 
                                              {#1}\par 
l.644 ...samea2016,septian2022}, justificativa={}}
                                                  
The control sequence at the end of the top line
of your error message was never \def'ed. If you have
misspelled it (e.g., `\hobx'), type `I' and the correct
spelling (e.g., `I\hbox'). Otherwise just continue,
and I'll forget about whatever was undefined.

Procotolo_deRevisao_import.tex:689: Undefined control sequence.
\formularioExtracaoDadosSomenteBibtex ...bsection 
                                                  *{#1º}\campoForm {Título...
l.689 ...-1) e enviam notificações push via FCM}
                                                  
The control sequence at the end of the top line
of your error message was never \def'ed. If you have
misspelled it (e.g., `\hobx'), type `I' and the correct
spelling (e.g., `I\hbox'). Otherwise just continue,
and I'll forget about whatever was undefined.

Procotolo_deRevisao_import.tex:689: Undefined control sequence.
\campoForm #1#2->\ifstrempty 
                             {#2} {} {\noindent \textbf {#1} #2\par }
l.689 ...-1) e enviam notificações push via FCM}
                                                  
The control sequence at the end of the top line
of your error message was never \def'ed. If you have
misspelled it (e.g., `\hobx'), type `I' and the correct
spelling (e.g., `I\hbox'). Otherwise just continue,
and I'll forget about whatever was undefined.

Procotolo_deRevisao_import.tex:689: Undefined control sequence.
<argument> \citetitle 
                      {ladeira2024mliot}
l.689 ...-1) e enviam notificações push via FCM}
                                                  
The control sequence at the end of the top line
of your error message was never \def'ed. If you have
misspelled it (e.g., `\hobx'), type `I' and the correct
spelling (e.g., `I\hbox'). Otherwise just continue,
and I'll forget about whatever was undefined.

Procotolo_deRevisao_import.tex:689: Undefined control sequence.
<argument> \citetitle 
                      {ladeira2024mliot}
l.689 ...-1) e enviam notificações push via FCM}
                                                  
The control sequence at the end of the top line
of your error message was never \def'ed. If you have
misspelled it (e.g., `\hobx'), type `I' and the correct
spelling (e.g., `I\hbox'). Otherwise just continue,
and I'll forget about whatever was undefined.

Procotolo_deRevisao_import.tex:689: Undefined control sequence.
\campoForm #1#2->\ifstrempty 
                             {#2} {} {\noindent \textbf {#1} #2\par }
l.689 ...-1) e enviam notificações push via FCM}
                                                  
The control sequence at the end of the top line
of your error message was never \def'ed. If you have
misspelled it (e.g., `\hobx'), type `I' and the correct
spelling (e.g., `I\hbox'). Otherwise just continue,
and I'll forget about whatever was undefined.

Procotolo_deRevisao_import.tex:689: Undefined control sequence.
<argument> \citeauthor 
                       {ladeira2024mliot}
l.689 ...-1) e enviam notificações push via FCM}
                                                  
The control sequence at the end of the top line
of your error message was never \def'ed. If you have
misspelled it (e.g., `\hobx'), type `I' and the correct
spelling (e.g., `I\hbox'). Otherwise just continue,
and I'll forget about whatever was undefined.

Procotolo_deRevisao_import.tex:689: Undefined control sequence.
<argument> \citeauthor 
                       {ladeira2024mliot}
l.689 ...-1) e enviam notificações push via FCM}
                                                  
The control sequence at the end of the top line
of your error message was never \def'ed. If you have
misspelled it (e.g., `\hobx'), type `I' and the correct
spelling (e.g., `I\hbox'). Otherwise just continue,
and I'll forget about whatever was undefined.

Procotolo_deRevisao_import.tex:689: Undefined control sequence.
\campoForm #1#2->\ifstrempty 
                             {#2} {} {\noindent \textbf {#1} #2\par }
l.689 ...-1) e enviam notificações push via FCM}
                                                  
The control sequence at the end of the top line
of your error message was never \def'ed. If you have
misspelled it (e.g., `\hobx'), type `I' and the correct
spelling (e.g., `I\hbox'). Otherwise just continue,
and I'll forget about whatever was undefined.

Procotolo_deRevisao_import.tex:689: Undefined control sequence.
<argument> \citeyear 
                     {ladeira2024mliot}
l.689 ...-1) e enviam notificações push via FCM}
                                                  
The control sequence at the end of the top line
of your error message was never \def'ed. If you have
misspelled it (e.g., `\hobx'), type `I' and the correct
spelling (e.g., `I\hbox'). Otherwise just continue,
and I'll forget about whatever was undefined.

Procotolo_deRevisao_import.tex:689: Undefined control sequence.
<argument> \citeyear 
                     {ladeira2024mliot}
l.689 ...-1) e enviam notificações push via FCM}
                                                  
The control sequence at the end of the top line
of your error message was never \def'ed. If you have
misspelled it (e.g., `\hobx'), type `I' and the correct
spelling (e.g., `I\hbox'). Otherwise just continue,
and I'll forget about whatever was undefined.

Procotolo_deRevisao_import.tex:689: Undefined control sequence.
\campoForm #1#2->\ifstrempty 
                             {#2} {} {\noindent \textbf {#1} #2\par }
l.689 ...-1) e enviam notificações push via FCM}
                                                  
The control sequence at the end of the top line
of your error message was never \def'ed. If you have
misspelled it (e.g., `\hobx'), type `I' and the correct
spelling (e.g., `I\hbox'). Otherwise just continue,
and I'll forget about whatever was undefined.

Procotolo_deRevisao_import.tex:689: Undefined control sequence.
\campoForm #1#2->\ifstrempty 
                             {#2} {} {\noindent \textbf {#1} #2\par }
l.689 ...-1) e enviam notificações push via FCM}
                                                  
The control sequence at the end of the top line
of your error message was never \def'ed. If you have
misspelled it (e.g., `\hobx'), type `I' and the correct
spelling (e.g., `I\hbox'). Otherwise just continue,
and I'll forget about whatever was undefined.

Procotolo_deRevisao_import.tex:689: Undefined control sequence.
\campoForm #1#2->\ifstrempty 
                             {#2} {} {\noindent \textbf {#1} #2\par }
l.689 ...-1) e enviam notificações push via FCM}
                                                  
The control sequence at the end of the top line
of your error message was never \def'ed. If you have
misspelled it (e.g., `\hobx'), type `I' and the correct
spelling (e.g., `I\hbox'). Otherwise just continue,
and I'll forget about whatever was undefined.

Procotolo_deRevisao_import.tex:689: Undefined control sequence.
\campoForm #1#2->\ifstrempty 
                             {#2} {} {\noindent \textbf {#1} #2\par }
l.689 ...-1) e enviam notificações push via FCM}
                                                  
The control sequence at the end of the top line
of your error message was never \def'ed. If you have
misspelled it (e.g., `\hobx'), type `I' and the correct
spelling (e.g., `I\hbox'). Otherwise just continue,
and I'll forget about whatever was undefined.

Procotolo_deRevisao_import.tex:689: Undefined control sequence.
\campoForm #1#2->\ifstrempty 
                             {#2} {} {\noindent \textbf {#1} #2\par }
l.689 ...-1) e enviam notificações push via FCM}
                                                  
The control sequence at the end of the top line
of your error message was never \def'ed. If you have
misspelled it (e.g., `\hobx'), type `I' and the correct
spelling (e.g., `I\hbox'). Otherwise just continue,
and I'll forget about whatever was undefined.


LaTeX Warning: Citation `ladeira2024mliot' undefined on input line 689.

Procotolo_deRevisao_import.tex:713: Undefined control sequence.
\campoForm #1#2->\ifstrempty 
                             {#2} {} {\noindent \textbf {#1} #2\par }
l.713                         }
                               
The control sequence at the end of the top line
of your error message was never \def'ed. If you have
misspelled it (e.g., `\hobx'), type `I' and the correct
spelling (e.g., `I\hbox'). Otherwise just continue,
and I'll forget about whatever was undefined.

Procotolo_deRevisao_import.tex:713: Undefined control sequence.
\campoForm #1#2->\ifstrempty 
                             {#2} {} {\noindent \textbf {#1} #2\par }
l.713                         }
                               
The control sequence at the end of the top line
of your error message was never \def'ed. If you have
misspelled it (e.g., `\hobx'), type `I' and the correct
spelling (e.g., `I\hbox'). Otherwise just continue,
and I'll forget about whatever was undefined.

Procotolo_deRevisao_import.tex:713: Undefined control sequence.
\campoForm #1#2->\ifstrempty 
                             {#2} {} {\noindent \textbf {#1} #2\par }
l.713                         }
                               
The control sequence at the end of the top line
of your error message was never \def'ed. If you have
misspelled it (e.g., `\hobx'), type `I' and the correct
spelling (e.g., `I\hbox'). Otherwise just continue,
and I'll forget about whatever was undefined.

Procotolo_deRevisao_import.tex:713: Undefined control sequence.
\campoForm #1#2->\ifstrempty 
                             {#2} {} {\noindent \textbf {#1} #2\par }
l.713                         }
                               
The control sequence at the end of the top line
of your error message was never \def'ed. If you have
misspelled it (e.g., `\hobx'), type `I' and the correct
spelling (e.g., `I\hbox'). Otherwise just continue,
and I'll forget about whatever was undefined.

Procotolo_deRevisao_import.tex:713: Undefined control sequence.
\campoForm #1#2->\ifstrempty 
                             {#2} {} {\noindent \textbf {#1} #2\par }
l.713                         }
                               
The control sequence at the end of the top line
of your error message was never \def'ed. If you have
misspelled it (e.g., `\hobx'), type `I' and the correct
spelling (e.g., `I\hbox'). Otherwise just continue,
and I'll forget about whatever was undefined.

Procotolo_deRevisao_import.tex:713: Undefined control sequence.
\campoForm #1#2->\ifstrempty 
                             {#2} {} {\noindent \textbf {#1} #2\par }
l.713                         }
                               
The control sequence at the end of the top line
of your error message was never \def'ed. If you have
misspelled it (e.g., `\hobx'), type `I' and the correct
spelling (e.g., `I\hbox'). Otherwise just continue,
and I'll forget about whatever was undefined.

Procotolo_deRevisao_import.tex:713: Undefined control sequence.
\campoForm #1#2->\ifstrempty 
                             {#2} {} {\noindent \textbf {#1} #2\par }
l.713                         }
                               
The control sequence at the end of the top line
of your error message was never \def'ed. If you have
misspelled it (e.g., `\hobx'), type `I' and the correct
spelling (e.g., `I\hbox'). Otherwise just continue,
and I'll forget about whatever was undefined.

Procotolo_deRevisao_import.tex:713: Undefined control sequence.
\campoForm #1#2->\ifstrempty 
                             {#2} {} {\noindent \textbf {#1} #2\par }
l.713                         }
                               
The control sequence at the end of the top line
of your error message was never \def'ed. If you have
misspelled it (e.g., `\hobx'), type `I' and the correct
spelling (e.g., `I\hbox'). Otherwise just continue,
and I'll forget about whatever was undefined.

Procotolo_deRevisao_import.tex:713: Undefined control sequence.
\campoForm #1#2->\ifstrempty 
                             {#2} {} {\noindent \textbf {#1} #2\par }
l.713                         }
                               
The control sequence at the end of the top line
of your error message was never \def'ed. If you have
misspelled it (e.g., `\hobx'), type `I' and the correct
spelling (e.g., `I\hbox'). Otherwise just continue,
and I'll forget about whatever was undefined.

Procotolo_deRevisao_import.tex:713: Undefined control sequence.
\campoForm #1#2->\ifstrempty 
                             {#2} {} {\noindent \textbf {#1} #2\par }
l.713                         }
                               
The control sequence at the end of the top line
of your error message was never \def'ed. If you have
misspelled it (e.g., `\hobx'), type `I' and the correct
spelling (e.g., `I\hbox'). Otherwise just continue,
and I'll forget about whatever was undefined.

Procotolo_deRevisao_import.tex:713: Undefined control sequence.
\__clist_map_1:w #1->\par \noindent \fullcite 
                                              {#1}\par 
l.713                         }
                               
The control sequence at the end of the top line
of your error message was never \def'ed. If you have
misspelled it (e.g., `\hobx'), type `I' and the correct
spelling (e.g., `I\hbox'). Otherwise just continue,
and I'll forget about whatever was undefined.

Procotolo_deRevisao_import.tex:713: Undefined control sequence.
\__clist_map_1:w #1->\par \noindent \fullcite 
                                              {#1}\par 
l.713                         }
                               
The control sequence at the end of the top line
of your error message was never \def'ed. If you have
misspelled it (e.g., `\hobx'), type `I' and the correct
spelling (e.g., `I\hbox'). Otherwise just continue,
and I'll forget about whatever was undefined.

Procotolo_deRevisao_import.tex:713: Undefined control sequence.
\__clist_map_1:w #1->\par \noindent \fullcite 
                                              {#1}\par 
l.713                         }
                               
The control sequence at the end of the top line
of your error message was never \def'ed. If you have
misspelled it (e.g., `\hobx'), type `I' and the correct
spelling (e.g., `I\hbox'). Otherwise just continue,
and I'll forget about whatever was undefined.

Procotolo_deRevisao_import.tex:713: Undefined control sequence.
\__clist_map_1:w #1->\par \noindent \fullcite 
                                              {#1}\par 
l.713                         }
                               
The control sequence at the end of the top line
of your error message was never \def'ed. If you have
misspelled it (e.g., `\hobx'), type `I' and the correct
spelling (e.g., `I\hbox'). Otherwise just continue,
and I'll forget about whatever was undefined.

Procotolo_deRevisao_import.tex:713: Undefined control sequence.
\__clist_map_1:w #1->\par \noindent \fullcite 
                                              {#1}\par 
l.713                         }
                               
The control sequence at the end of the top line
of your error message was never \def'ed. If you have
misspelled it (e.g., `\hobx'), type `I' and the correct
spelling (e.g., `I\hbox'). Otherwise just continue,
and I'll forget about whatever was undefined.

Procotolo_deRevisao_import.tex:713: Undefined control sequence.
\__clist_map_1:w #1->\par \noindent \fullcite 
                                              {#1}\par 
l.713                         }
                               
The control sequence at the end of the top line
of your error message was never \def'ed. If you have
misspelled it (e.g., `\hobx'), type `I' and the correct
spelling (e.g., `I\hbox'). Otherwise just continue,
and I'll forget about whatever was undefined.

Procotolo_deRevisao_import.tex:713: Undefined control sequence.
\__clist_map_1:w #1->\par \noindent \fullcite 
                                              {#1}\par 
l.713                         }
                               
The control sequence at the end of the top line
of your error message was never \def'ed. If you have
misspelled it (e.g., `\hobx'), type `I' and the correct
spelling (e.g., `I\hbox'). Otherwise just continue,
and I'll forget about whatever was undefined.

Procotolo_deRevisao_import.tex:713: Undefined control sequence.
\__clist_map_1:w #1->\par \noindent \fullcite 
                                              {#1}\par 
l.713                         }
                               
The control sequence at the end of the top line
of your error message was never \def'ed. If you have
misspelled it (e.g., `\hobx'), type `I' and the correct
spelling (e.g., `I\hbox'). Otherwise just continue,
and I'll forget about whatever was undefined.

Procotolo_deRevisao_import.tex:778: Undefined control sequence.
\formularioExtracaoDadosSomenteBibtex ...bsection 
                                                  *{#1º}\campoForm {Título...
l.778                                      }
                                            
The control sequence at the end of the top line
of your error message was never \def'ed. If you have
misspelled it (e.g., `\hobx'), type `I' and the correct
spelling (e.g., `I\hbox'). Otherwise just continue,
and I'll forget about whatever was undefined.

Procotolo_deRevisao_import.tex:778: Undefined control sequence.
\campoForm #1#2->\ifstrempty 
                             {#2} {} {\noindent \textbf {#1} #2\par }
l.778                                      }
                                            
The control sequence at the end of the top line
of your error message was never \def'ed. If you have
misspelled it (e.g., `\hobx'), type `I' and the correct
spelling (e.g., `I\hbox'). Otherwise just continue,
and I'll forget about whatever was undefined.

Procotolo_deRevisao_import.tex:778: Undefined control sequence.
<argument> \citetitle 
                      {villarim2020sensor}
l.778                                      }
                                            
The control sequence at the end of the top line
of your error message was never \def'ed. If you have
misspelled it (e.g., `\hobx'), type `I' and the correct
spelling (e.g., `I\hbox'). Otherwise just continue,
and I'll forget about whatever was undefined.

Procotolo_deRevisao_import.tex:778: Undefined control sequence.
<argument> \citetitle 
                      {villarim2020sensor}
l.778                                      }
                                            
The control sequence at the end of the top line
of your error message was never \def'ed. If you have
misspelled it (e.g., `\hobx'), type `I' and the correct
spelling (e.g., `I\hbox'). Otherwise just continue,
and I'll forget about whatever was undefined.

Procotolo_deRevisao_import.tex:778: Undefined control sequence.
\campoForm #1#2->\ifstrempty 
                             {#2} {} {\noindent \textbf {#1} #2\par }
l.778                                      }
                                            
The control sequence at the end of the top line
of your error message was never \def'ed. If you have
misspelled it (e.g., `\hobx'), type `I' and the correct
spelling (e.g., `I\hbox'). Otherwise just continue,
and I'll forget about whatever was undefined.

Procotolo_deRevisao_import.tex:778: Undefined control sequence.
<argument> \citeauthor 
                       {villarim2020sensor}
l.778                                      }
                                            
The control sequence at the end of the top line
of your error message was never \def'ed. If you have
misspelled it (e.g., `\hobx'), type `I' and the correct
spelling (e.g., `I\hbox'). Otherwise just continue,
and I'll forget about whatever was undefined.

Procotolo_deRevisao_import.tex:778: Undefined control sequence.
<argument> \citeauthor 
                       {villarim2020sensor}
l.778                                      }
                                            
The control sequence at the end of the top line
of your error message was never \def'ed. If you have
misspelled it (e.g., `\hobx'), type `I' and the correct
spelling (e.g., `I\hbox'). Otherwise just continue,
and I'll forget about whatever was undefined.

Procotolo_deRevisao_import.tex:778: Undefined control sequence.
\campoForm #1#2->\ifstrempty 
                             {#2} {} {\noindent \textbf {#1} #2\par }
l.778                                      }
                                            
The control sequence at the end of the top line
of your error message was never \def'ed. If you have
misspelled it (e.g., `\hobx'), type `I' and the correct
spelling (e.g., `I\hbox'). Otherwise just continue,
and I'll forget about whatever was undefined.

Procotolo_deRevisao_import.tex:778: Undefined control sequence.
<argument> \citeyear 
                     {villarim2020sensor}
l.778                                      }
                                            
The control sequence at the end of the top line
of your error message was never \def'ed. If you have
misspelled it (e.g., `\hobx'), type `I' and the correct
spelling (e.g., `I\hbox'). Otherwise just continue,
and I'll forget about whatever was undefined.

Procotolo_deRevisao_import.tex:778: Undefined control sequence.
<argument> \citeyear 
                     {villarim2020sensor}
l.778                                      }
                                            
The control sequence at the end of the top line
of your error message was never \def'ed. If you have
misspelled it (e.g., `\hobx'), type `I' and the correct
spelling (e.g., `I\hbox'). Otherwise just continue,
and I'll forget about whatever was undefined.

Procotolo_deRevisao_import.tex:778: Undefined control sequence.
\campoForm #1#2->\ifstrempty 
                             {#2} {} {\noindent \textbf {#1} #2\par }
l.778                                      }
                                            
The control sequence at the end of the top line
of your error message was never \def'ed. If you have
misspelled it (e.g., `\hobx'), type `I' and the correct
spelling (e.g., `I\hbox'). Otherwise just continue,
and I'll forget about whatever was undefined.

Procotolo_deRevisao_import.tex:778: Undefined control sequence.
\campoForm #1#2->\ifstrempty 
                             {#2} {} {\noindent \textbf {#1} #2\par }
l.778                                      }
                                            
The control sequence at the end of the top line
of your error message was never \def'ed. If you have
misspelled it (e.g., `\hobx'), type `I' and the correct
spelling (e.g., `I\hbox'). Otherwise just continue,
and I'll forget about whatever was undefined.

Procotolo_deRevisao_import.tex:778: Undefined control sequence.
\campoForm #1#2->\ifstrempty 
                             {#2} {} {\noindent \textbf {#1} #2\par }
l.778                                      }
                                            
The control sequence at the end of the top line
of your error message was never \def'ed. If you have
misspelled it (e.g., `\hobx'), type `I' and the correct
spelling (e.g., `I\hbox'). Otherwise just continue,
and I'll forget about whatever was undefined.

Procotolo_deRevisao_import.tex:778: Undefined control sequence.
\campoForm #1#2->\ifstrempty 
                             {#2} {} {\noindent \textbf {#1} #2\par }
l.778                                      }
                                            
The control sequence at the end of the top line
of your error message was never \def'ed. If you have
misspelled it (e.g., `\hobx'), type `I' and the correct
spelling (e.g., `I\hbox'). Otherwise just continue,
and I'll forget about whatever was undefined.

Procotolo_deRevisao_import.tex:778: Undefined control sequence.
\campoForm #1#2->\ifstrempty 
                             {#2} {} {\noindent \textbf {#1} #2\par }
l.778                                      }
                                            
The control sequence at the end of the top line
of your error message was never \def'ed. If you have
misspelled it (e.g., `\hobx'), type `I' and the correct
spelling (e.g., `I\hbox'). Otherwise just continue,
and I'll forget about whatever was undefined.


LaTeX Warning: Citation `villarim2020sensor' undefined on input line 778.

Procotolo_deRevisao_import.tex:796: Undefined control sequence.
\campoForm #1#2->\ifstrempty 
                             {#2} {} {\noindent \textbf {#1} #2\par }
l.796                         }
                               
The control sequence at the end of the top line
of your error message was never \def'ed. If you have
misspelled it (e.g., `\hobx'), type `I' and the correct
spelling (e.g., `I\hbox'). Otherwise just continue,
and I'll forget about whatever was undefined.

Procotolo_deRevisao_import.tex:796: Undefined control sequence.
\campoForm #1#2->\ifstrempty 
                             {#2} {} {\noindent \textbf {#1} #2\par }
l.796                         }
                               
The control sequence at the end of the top line
of your error message was never \def'ed. If you have
misspelled it (e.g., `\hobx'), type `I' and the correct
spelling (e.g., `I\hbox'). Otherwise just continue,
and I'll forget about whatever was undefined.

Procotolo_deRevisao_import.tex:796: Undefined control sequence.
\campoForm #1#2->\ifstrempty 
                             {#2} {} {\noindent \textbf {#1} #2\par }
l.796                         }
                               
The control sequence at the end of the top line
of your error message was never \def'ed. If you have
misspelled it (e.g., `\hobx'), type `I' and the correct
spelling (e.g., `I\hbox'). Otherwise just continue,
and I'll forget about whatever was undefined.

Procotolo_deRevisao_import.tex:796: Undefined control sequence.
\campoForm #1#2->\ifstrempty 
                             {#2} {} {\noindent \textbf {#1} #2\par }
l.796                         }
                               
The control sequence at the end of the top line
of your error message was never \def'ed. If you have
misspelled it (e.g., `\hobx'), type `I' and the correct
spelling (e.g., `I\hbox'). Otherwise just continue,
and I'll forget about whatever was undefined.

Procotolo_deRevisao_import.tex:796: Undefined control sequence.
\campoForm #1#2->\ifstrempty 
                             {#2} {} {\noindent \textbf {#1} #2\par }
l.796                         }
                               
The control sequence at the end of the top line
of your error message was never \def'ed. If you have
misspelled it (e.g., `\hobx'), type `I' and the correct
spelling (e.g., `I\hbox'). Otherwise just continue,
and I'll forget about whatever was undefined.

Procotolo_deRevisao_import.tex:796: Undefined control sequence.
\campoForm #1#2->\ifstrempty 
                             {#2} {} {\noindent \textbf {#1} #2\par }
l.796                         }
                               
The control sequence at the end of the top line
of your error message was never \def'ed. If you have
misspelled it (e.g., `\hobx'), type `I' and the correct
spelling (e.g., `I\hbox'). Otherwise just continue,
and I'll forget about whatever was undefined.

Procotolo_deRevisao_import.tex:796: Undefined control sequence.
\campoForm #1#2->\ifstrempty 
                             {#2} {} {\noindent \textbf {#1} #2\par }
l.796                         }
                               
The control sequence at the end of the top line
of your error message was never \def'ed. If you have
misspelled it (e.g., `\hobx'), type `I' and the correct
spelling (e.g., `I\hbox'). Otherwise just continue,
and I'll forget about whatever was undefined.

Procotolo_deRevisao_import.tex:796: Undefined control sequence.
\campoForm #1#2->\ifstrempty 
                             {#2} {} {\noindent \textbf {#1} #2\par }
l.796                         }
                               
The control sequence at the end of the top line
of your error message was never \def'ed. If you have
misspelled it (e.g., `\hobx'), type `I' and the correct
spelling (e.g., `I\hbox'). Otherwise just continue,
and I'll forget about whatever was undefined.

Procotolo_deRevisao_import.tex:796: Undefined control sequence.
\campoForm #1#2->\ifstrempty 
                             {#2} {} {\noindent \textbf {#1} #2\par }
l.796                         }
                               
The control sequence at the end of the top line
of your error message was never \def'ed. If you have
misspelled it (e.g., `\hobx'), type `I' and the correct
spelling (e.g., `I\hbox'). Otherwise just continue,
and I'll forget about whatever was undefined.

Procotolo_deRevisao_import.tex:796: Undefined control sequence.
\campoForm #1#2->\ifstrempty 
                             {#2} {} {\noindent \textbf {#1} #2\par }
l.796                         }
                               
The control sequence at the end of the top line
of your error message was never \def'ed. If you have
misspelled it (e.g., `\hobx'), type `I' and the correct
spelling (e.g., `I\hbox'). Otherwise just continue,
and I'll forget about whatever was undefined.

Procotolo_deRevisao_import.tex:796: Undefined control sequence.
\__clist_map_1:w #1->\par \noindent \fullcite 
                                              {#1}\par 
l.796                         }
                               
The control sequence at the end of the top line
of your error message was never \def'ed. If you have
misspelled it (e.g., `\hobx'), type `I' and the correct
spelling (e.g., `I\hbox'). Otherwise just continue,
and I'll forget about whatever was undefined.

Procotolo_deRevisao_import.tex:796: Undefined control sequence.
\__clist_map_1:w #1->\par \noindent \fullcite 
                                              {#1}\par 
l.796                         }
                               
The control sequence at the end of the top line
of your error message was never \def'ed. If you have
misspelled it (e.g., `\hobx'), type `I' and the correct
spelling (e.g., `I\hbox'). Otherwise just continue,
and I'll forget about whatever was undefined.

Procotolo_deRevisao_import.tex:796: Undefined control sequence.
\__clist_map_1:w #1->\par \noindent \fullcite 
                                              {#1}\par 
l.796                         }
                               
The control sequence at the end of the top line
of your error message was never \def'ed. If you have
misspelled it (e.g., `\hobx'), type `I' and the correct
spelling (e.g., `I\hbox'). Otherwise just continue,
and I'll forget about whatever was undefined.

Procotolo_deRevisao_import.tex:796: Undefined control sequence.
\__clist_map_1:w #1->\par \noindent \fullcite 
                                              {#1}\par 
l.796                         }
                               
The control sequence at the end of the top line
of your error message was never \def'ed. If you have
misspelled it (e.g., `\hobx'), type `I' and the correct
spelling (e.g., `I\hbox'). Otherwise just continue,
and I'll forget about whatever was undefined.

Procotolo_deRevisao_import.tex:796: Undefined control sequence.
\__clist_map_1:w #1->\par \noindent \fullcite 
                                              {#1}\par 
l.796                         }
                               
The control sequence at the end of the top line
of your error message was never \def'ed. If you have
misspelled it (e.g., `\hobx'), type `I' and the correct
spelling (e.g., `I\hbox'). Otherwise just continue,
and I'll forget about whatever was undefined.

Procotolo_deRevisao_import.tex:796: Undefined control sequence.
\__clist_map_1:w #1->\par \noindent \fullcite 
                                              {#1}\par 
l.796                         }
                               
The control sequence at the end of the top line
of your error message was never \def'ed. If you have
misspelled it (e.g., `\hobx'), type `I' and the correct
spelling (e.g., `I\hbox'). Otherwise just continue,
and I'll forget about whatever was undefined.

Procotolo_deRevisao_import.tex:796: Undefined control sequence.
\__clist_map_1:w #1->\par \noindent \fullcite 
                                              {#1}\par 
l.796                         }
                               
The control sequence at the end of the top line
of your error message was never \def'ed. If you have
misspelled it (e.g., `\hobx'), type `I' and the correct
spelling (e.g., `I\hbox'). Otherwise just continue,
and I'll forget about whatever was undefined.

Procotolo_deRevisao_import.tex:796: Undefined control sequence.
\__clist_map_1:w #1->\par \noindent \fullcite 
                                              {#1}\par 
l.796                         }
                               
The control sequence at the end of the top line
of your error message was never \def'ed. If you have
misspelled it (e.g., `\hobx'), type `I' and the correct
spelling (e.g., `I\hbox'). Otherwise just continue,
and I'll forget about whatever was undefined.

Procotolo_deRevisao_import.tex:796: Undefined control sequence.
\__clist_map_1:w #1->\par \noindent \fullcite 
                                              {#1}\par 
l.796                         }
                               
The control sequence at the end of the top line
of your error message was never \def'ed. If you have
misspelled it (e.g., `\hobx'), type `I' and the correct
spelling (e.g., `I\hbox'). Otherwise just continue,
and I'll forget about whatever was undefined.

Procotolo_deRevisao_import.tex:796: Undefined control sequence.
\__clist_map_1:w #1->\par \noindent \fullcite 
                                              {#1}\par 
l.796                         }
                               
The control sequence at the end of the top line
of your error message was never \def'ed. If you have
misspelled it (e.g., `\hobx'), type `I' and the correct
spelling (e.g., `I\hbox'). Otherwise just continue,
and I'll forget about whatever was undefined.

Procotolo_deRevisao_import.tex:796: Undefined control sequence.
\__clist_map_1:w #1->\par \noindent \fullcite 
                                              {#1}\par 
l.796                         }
                               
The control sequence at the end of the top line
of your error message was never \def'ed. If you have
misspelled it (e.g., `\hobx'), type `I' and the correct
spelling (e.g., `I\hbox'). Otherwise just continue,
and I'll forget about whatever was undefined.

Procotolo_deRevisao_import.tex:796: Undefined control sequence.
\__clist_map_1:w #1->\par \noindent \fullcite 
                                              {#1}\par 
l.796                         }
                               
The control sequence at the end of the top line
of your error message was never \def'ed. If you have
misspelled it (e.g., `\hobx'), type `I' and the correct
spelling (e.g., `I\hbox'). Otherwise just continue,
and I'll forget about whatever was undefined.

Procotolo_deRevisao_import.tex:828: Undefined control sequence.
\formularioExtracaoDadosSomenteBibtex ...bsection 
                                                  *{#1º}\campoForm {Título...
l.828 ...ptou grande volume de dados com sucesso.}
                                                  
The control sequence at the end of the top line
of your error message was never \def'ed. If you have
misspelled it (e.g., `\hobx'), type `I' and the correct
spelling (e.g., `I\hbox'). Otherwise just continue,
and I'll forget about whatever was undefined.

Procotolo_deRevisao_import.tex:828: Undefined control sequence.
\campoForm #1#2->\ifstrempty 
                             {#2} {} {\noindent \textbf {#1} #2\par }
l.828 ...ptou grande volume de dados com sucesso.}
                                                  
The control sequence at the end of the top line
of your error message was never \def'ed. If you have
misspelled it (e.g., `\hobx'), type `I' and the correct
spelling (e.g., `I\hbox'). Otherwise just continue,
and I'll forget about whatever was undefined.

Procotolo_deRevisao_import.tex:828: Undefined control sequence.
<argument> \citetitle 
                      {cunha2024}
l.828 ...ptou grande volume de dados com sucesso.}
                                                  
The control sequence at the end of the top line
of your error message was never \def'ed. If you have
misspelled it (e.g., `\hobx'), type `I' and the correct
spelling (e.g., `I\hbox'). Otherwise just continue,
and I'll forget about whatever was undefined.

Procotolo_deRevisao_import.tex:828: Undefined control sequence.
<argument> \citetitle 
                      {cunha2024}
l.828 ...ptou grande volume de dados com sucesso.}
                                                  
The control sequence at the end of the top line
of your error message was never \def'ed. If you have
misspelled it (e.g., `\hobx'), type `I' and the correct
spelling (e.g., `I\hbox'). Otherwise just continue,
and I'll forget about whatever was undefined.

Procotolo_deRevisao_import.tex:828: Undefined control sequence.
\campoForm #1#2->\ifstrempty 
                             {#2} {} {\noindent \textbf {#1} #2\par }
l.828 ...ptou grande volume de dados com sucesso.}
                                                  
The control sequence at the end of the top line
of your error message was never \def'ed. If you have
misspelled it (e.g., `\hobx'), type `I' and the correct
spelling (e.g., `I\hbox'). Otherwise just continue,
and I'll forget about whatever was undefined.

Procotolo_deRevisao_import.tex:828: Undefined control sequence.
<argument> \citeauthor 
                       {cunha2024}
l.828 ...ptou grande volume de dados com sucesso.}
                                                  
The control sequence at the end of the top line
of your error message was never \def'ed. If you have
misspelled it (e.g., `\hobx'), type `I' and the correct
spelling (e.g., `I\hbox'). Otherwise just continue,
and I'll forget about whatever was undefined.

Procotolo_deRevisao_import.tex:828: Undefined control sequence.
<argument> \citeauthor 
                       {cunha2024}
l.828 ...ptou grande volume de dados com sucesso.}
                                                  
The control sequence at the end of the top line
of your error message was never \def'ed. If you have
misspelled it (e.g., `\hobx'), type `I' and the correct
spelling (e.g., `I\hbox'). Otherwise just continue,
and I'll forget about whatever was undefined.

Procotolo_deRevisao_import.tex:828: Undefined control sequence.
\campoForm #1#2->\ifstrempty 
                             {#2} {} {\noindent \textbf {#1} #2\par }
l.828 ...ptou grande volume de dados com sucesso.}
                                                  
The control sequence at the end of the top line
of your error message was never \def'ed. If you have
misspelled it (e.g., `\hobx'), type `I' and the correct
spelling (e.g., `I\hbox'). Otherwise just continue,
and I'll forget about whatever was undefined.

Procotolo_deRevisao_import.tex:828: Undefined control sequence.
<argument> \citeyear 
                     {cunha2024}
l.828 ...ptou grande volume de dados com sucesso.}
                                                  
The control sequence at the end of the top line
of your error message was never \def'ed. If you have
misspelled it (e.g., `\hobx'), type `I' and the correct
spelling (e.g., `I\hbox'). Otherwise just continue,
and I'll forget about whatever was undefined.

Procotolo_deRevisao_import.tex:828: Undefined control sequence.
<argument> \citeyear 
                     {cunha2024}
l.828 ...ptou grande volume de dados com sucesso.}
                                                  
The control sequence at the end of the top line
of your error message was never \def'ed. If you have
misspelled it (e.g., `\hobx'), type `I' and the correct
spelling (e.g., `I\hbox'). Otherwise just continue,
and I'll forget about whatever was undefined.

Procotolo_deRevisao_import.tex:828: Undefined control sequence.
\campoForm #1#2->\ifstrempty 
                             {#2} {} {\noindent \textbf {#1} #2\par }
l.828 ...ptou grande volume de dados com sucesso.}
                                                  
The control sequence at the end of the top line
of your error message was never \def'ed. If you have
misspelled it (e.g., `\hobx'), type `I' and the correct
spelling (e.g., `I\hbox'). Otherwise just continue,
and I'll forget about whatever was undefined.

Procotolo_deRevisao_import.tex:828: Undefined control sequence.
\campoForm #1#2->\ifstrempty 
                             {#2} {} {\noindent \textbf {#1} #2\par }
l.828 ...ptou grande volume de dados com sucesso.}
                                                  
The control sequence at the end of the top line
of your error message was never \def'ed. If you have
misspelled it (e.g., `\hobx'), type `I' and the correct
spelling (e.g., `I\hbox'). Otherwise just continue,
and I'll forget about whatever was undefined.

Procotolo_deRevisao_import.tex:828: Undefined control sequence.
\campoForm #1#2->\ifstrempty 
                             {#2} {} {\noindent \textbf {#1} #2\par }
l.828 ...ptou grande volume de dados com sucesso.}
                                                  
The control sequence at the end of the top line
of your error message was never \def'ed. If you have
misspelled it (e.g., `\hobx'), type `I' and the correct
spelling (e.g., `I\hbox'). Otherwise just continue,
and I'll forget about whatever was undefined.

Procotolo_deRevisao_import.tex:828: Undefined control sequence.
\campoForm #1#2->\ifstrempty 
                             {#2} {} {\noindent \textbf {#1} #2\par }
l.828 ...ptou grande volume de dados com sucesso.}
                                                  
The control sequence at the end of the top line
of your error message was never \def'ed. If you have
misspelled it (e.g., `\hobx'), type `I' and the correct
spelling (e.g., `I\hbox'). Otherwise just continue,
and I'll forget about whatever was undefined.

Procotolo_deRevisao_import.tex:828: Undefined control sequence.
\campoForm #1#2->\ifstrempty 
                             {#2} {} {\noindent \textbf {#1} #2\par }
l.828 ...ptou grande volume de dados com sucesso.}
                                                  
The control sequence at the end of the top line
of your error message was never \def'ed. If you have
misspelled it (e.g., `\hobx'), type `I' and the correct
spelling (e.g., `I\hbox'). Otherwise just continue,
and I'll forget about whatever was undefined.


LaTeX Warning: Citation `cunha2024' undefined on input line 828.

Procotolo_deRevisao_import.tex:845: Undefined control sequence.
\campoForm #1#2->\ifstrempty 
                             {#2} {} {\noindent \textbf {#1} #2\par }
l.845 }
       
The control sequence at the end of the top line
of your error message was never \def'ed. If you have
misspelled it (e.g., `\hobx'), type `I' and the correct
spelling (e.g., `I\hbox'). Otherwise just continue,
and I'll forget about whatever was undefined.

Procotolo_deRevisao_import.tex:845: Undefined control sequence.
\campoForm #1#2->\ifstrempty 
                             {#2} {} {\noindent \textbf {#1} #2\par }
l.845 }
       
The control sequence at the end of the top line
of your error message was never \def'ed. If you have
misspelled it (e.g., `\hobx'), type `I' and the correct
spelling (e.g., `I\hbox'). Otherwise just continue,
and I'll forget about whatever was undefined.

Procotolo_deRevisao_import.tex:845: Undefined control sequence.
\campoForm #1#2->\ifstrempty 
                             {#2} {} {\noindent \textbf {#1} #2\par }
l.845 }
       
The control sequence at the end of the top line
of your error message was never \def'ed. If you have
misspelled it (e.g., `\hobx'), type `I' and the correct
spelling (e.g., `I\hbox'). Otherwise just continue,
and I'll forget about whatever was undefined.

Procotolo_deRevisao_import.tex:845: Undefined control sequence.
\campoForm #1#2->\ifstrempty 
                             {#2} {} {\noindent \textbf {#1} #2\par }
l.845 }
       
The control sequence at the end of the top line
of your error message was never \def'ed. If you have
misspelled it (e.g., `\hobx'), type `I' and the correct
spelling (e.g., `I\hbox'). Otherwise just continue,
and I'll forget about whatever was undefined.

Procotolo_deRevisao_import.tex:845: Undefined control sequence.
\campoForm #1#2->\ifstrempty 
                             {#2} {} {\noindent \textbf {#1} #2\par }
l.845 }
       
The control sequence at the end of the top line
of your error message was never \def'ed. If you have
misspelled it (e.g., `\hobx'), type `I' and the correct
spelling (e.g., `I\hbox'). Otherwise just continue,
and I'll forget about whatever was undefined.

Procotolo_deRevisao_import.tex:845: Undefined control sequence.
\campoForm #1#2->\ifstrempty 
                             {#2} {} {\noindent \textbf {#1} #2\par }
l.845 }
       
The control sequence at the end of the top line
of your error message was never \def'ed. If you have
misspelled it (e.g., `\hobx'), type `I' and the correct
spelling (e.g., `I\hbox'). Otherwise just continue,
and I'll forget about whatever was undefined.

Procotolo_deRevisao_import.tex:845: Undefined control sequence.
\campoForm #1#2->\ifstrempty 
                             {#2} {} {\noindent \textbf {#1} #2\par }
l.845 }
       
The control sequence at the end of the top line
of your error message was never \def'ed. If you have
misspelled it (e.g., `\hobx'), type `I' and the correct
spelling (e.g., `I\hbox'). Otherwise just continue,
and I'll forget about whatever was undefined.

Procotolo_deRevisao_import.tex:845: Undefined control sequence.
\campoForm #1#2->\ifstrempty 
                             {#2} {} {\noindent \textbf {#1} #2\par }
l.845 }
       
The control sequence at the end of the top line
of your error message was never \def'ed. If you have
misspelled it (e.g., `\hobx'), type `I' and the correct
spelling (e.g., `I\hbox'). Otherwise just continue,
and I'll forget about whatever was undefined.

Procotolo_deRevisao_import.tex:845: Undefined control sequence.
\campoForm #1#2->\ifstrempty 
                             {#2} {} {\noindent \textbf {#1} #2\par }
l.845 }
       
The control sequence at the end of the top line
of your error message was never \def'ed. If you have
misspelled it (e.g., `\hobx'), type `I' and the correct
spelling (e.g., `I\hbox'). Otherwise just continue,
and I'll forget about whatever was undefined.

Procotolo_deRevisao_import.tex:845: Undefined control sequence.
\campoForm #1#2->\ifstrempty 
                             {#2} {} {\noindent \textbf {#1} #2\par }
l.845 }
       
The control sequence at the end of the top line
of your error message was never \def'ed. If you have
misspelled it (e.g., `\hobx'), type `I' and the correct
spelling (e.g., `I\hbox'). Otherwise just continue,
and I'll forget about whatever was undefined.

Procotolo_deRevisao_import.tex:845: Undefined control sequence.
\__clist_map_1:w #1->\par \noindent \fullcite 
                                              {#1}\par 
l.845 }
       
The control sequence at the end of the top line
of your error message was never \def'ed. If you have
misspelled it (e.g., `\hobx'), type `I' and the correct
spelling (e.g., `I\hbox'). Otherwise just continue,
and I'll forget about whatever was undefined.

Procotolo_deRevisao_import.tex:845: Undefined control sequence.
\__clist_map_1:w #1->\par \noindent \fullcite 
                                              {#1}\par 
l.845 }
       
The control sequence at the end of the top line
of your error message was never \def'ed. If you have
misspelled it (e.g., `\hobx'), type `I' and the correct
spelling (e.g., `I\hbox'). Otherwise just continue,
and I'll forget about whatever was undefined.

Procotolo_deRevisao_import.tex:845: Undefined control sequence.
\__clist_map_1:w #1->\par \noindent \fullcite 
                                              {#1}\par 
l.845 }
       
The control sequence at the end of the top line
of your error message was never \def'ed. If you have
misspelled it (e.g., `\hobx'), type `I' and the correct
spelling (e.g., `I\hbox'). Otherwise just continue,
and I'll forget about whatever was undefined.

Procotolo_deRevisao_import.tex:845: Undefined control sequence.
\__clist_map_1:w #1->\par \noindent \fullcite 
                                              {#1}\par 
l.845 }
       
The control sequence at the end of the top line
of your error message was never \def'ed. If you have
misspelled it (e.g., `\hobx'), type `I' and the correct
spelling (e.g., `I\hbox'). Otherwise just continue,
and I'll forget about whatever was undefined.

Procotolo_deRevisao_import.tex:845: Undefined control sequence.
\__clist_map_1:w #1->\par \noindent \fullcite 
                                              {#1}\par 
l.845 }
       
The control sequence at the end of the top line
of your error message was never \def'ed. If you have
misspelled it (e.g., `\hobx'), type `I' and the correct
spelling (e.g., `I\hbox'). Otherwise just continue,
and I'll forget about whatever was undefined.

Procotolo_deRevisao_import.tex:845: Undefined control sequence.
\__clist_map_1:w #1->\par \noindent \fullcite 
                                              {#1}\par 
l.845 }
       
The control sequence at the end of the top line
of your error message was never \def'ed. If you have
misspelled it (e.g., `\hobx'), type `I' and the correct
spelling (e.g., `I\hbox'). Otherwise just continue,
and I'll forget about whatever was undefined.

Procotolo_deRevisao_import.tex:845: Undefined control sequence.
\__clist_map_1:w #1->\par \noindent \fullcite 
                                              {#1}\par 
l.845 }
       
The control sequence at the end of the top line
of your error message was never \def'ed. If you have
misspelled it (e.g., `\hobx'), type `I' and the correct
spelling (e.g., `I\hbox'). Otherwise just continue,
and I'll forget about whatever was undefined.

Procotolo_deRevisao_import.tex:845: Undefined control sequence.
\__clist_map_1:w #1->\par \noindent \fullcite 
                                              {#1}\par 
l.845 }
       
The control sequence at the end of the top line
of your error message was never \def'ed. If you have
misspelled it (e.g., `\hobx'), type `I' and the correct
spelling (e.g., `I\hbox'). Otherwise just continue,
and I'll forget about whatever was undefined.

Procotolo_deRevisao_import.tex:845: Undefined control sequence.
\__clist_map_1:w #1->\par \noindent \fullcite 
                                              {#1}\par 
l.845 }
       
The control sequence at the end of the top line
of your error message was never \def'ed. If you have
misspelled it (e.g., `\hobx'), type `I' and the correct
spelling (e.g., `I\hbox'). Otherwise just continue,
and I'll forget about whatever was undefined.

Procotolo_deRevisao_import.tex:845: Undefined control sequence.
\__clist_map_1:w #1->\par \noindent \fullcite 
                                              {#1}\par 
l.845 }
       
The control sequence at the end of the top line
of your error message was never \def'ed. If you have
misspelled it (e.g., `\hobx'), type `I' and the correct
spelling (e.g., `I\hbox'). Otherwise just continue,
and I'll forget about whatever was undefined.

Procotolo_deRevisao_import.tex:882: Undefined control sequence.
\formularioExtracaoDadosSomenteBibtex ...bsection 
                                                  *{#1º}\campoForm {Título...
l.882 ...ne para selecionar sensor mais próximo.}
                                                  
The control sequence at the end of the top line
of your error message was never \def'ed. If you have
misspelled it (e.g., `\hobx'), type `I' and the correct
spelling (e.g., `I\hbox'). Otherwise just continue,
and I'll forget about whatever was undefined.

Procotolo_deRevisao_import.tex:882: Undefined control sequence.
\campoForm #1#2->\ifstrempty 
                             {#2} {} {\noindent \textbf {#1} #2\par }
l.882 ...ne para selecionar sensor mais próximo.}
                                                  
The control sequence at the end of the top line
of your error message was never \def'ed. If you have
misspelled it (e.g., `\hobx'), type `I' and the correct
spelling (e.g., `I\hbox'). Otherwise just continue,
and I'll forget about whatever was undefined.

Procotolo_deRevisao_import.tex:882: Undefined control sequence.
<argument> \citetitle 
                      {wcama}
l.882 ...ne para selecionar sensor mais próximo.}
                                                  
The control sequence at the end of the top line
of your error message was never \def'ed. If you have
misspelled it (e.g., `\hobx'), type `I' and the correct
spelling (e.g., `I\hbox'). Otherwise just continue,
and I'll forget about whatever was undefined.

Procotolo_deRevisao_import.tex:882: Undefined control sequence.
<argument> \citetitle 
                      {wcama}
l.882 ...ne para selecionar sensor mais próximo.}
                                                  
The control sequence at the end of the top line
of your error message was never \def'ed. If you have
misspelled it (e.g., `\hobx'), type `I' and the correct
spelling (e.g., `I\hbox'). Otherwise just continue,
and I'll forget about whatever was undefined.

Procotolo_deRevisao_import.tex:882: Undefined control sequence.
\campoForm #1#2->\ifstrempty 
                             {#2} {} {\noindent \textbf {#1} #2\par }
l.882 ...ne para selecionar sensor mais próximo.}
                                                  
The control sequence at the end of the top line
of your error message was never \def'ed. If you have
misspelled it (e.g., `\hobx'), type `I' and the correct
spelling (e.g., `I\hbox'). Otherwise just continue,
and I'll forget about whatever was undefined.

Procotolo_deRevisao_import.tex:882: Undefined control sequence.
<argument> \citeauthor 
                       {wcama}
l.882 ...ne para selecionar sensor mais próximo.}
                                                  
The control sequence at the end of the top line
of your error message was never \def'ed. If you have
misspelled it (e.g., `\hobx'), type `I' and the correct
spelling (e.g., `I\hbox'). Otherwise just continue,
and I'll forget about whatever was undefined.

Procotolo_deRevisao_import.tex:882: Undefined control sequence.
<argument> \citeauthor 
                       {wcama}
l.882 ...ne para selecionar sensor mais próximo.}
                                                  
The control sequence at the end of the top line
of your error message was never \def'ed. If you have
misspelled it (e.g., `\hobx'), type `I' and the correct
spelling (e.g., `I\hbox'). Otherwise just continue,
and I'll forget about whatever was undefined.

Procotolo_deRevisao_import.tex:882: Undefined control sequence.
\campoForm #1#2->\ifstrempty 
                             {#2} {} {\noindent \textbf {#1} #2\par }
l.882 ...ne para selecionar sensor mais próximo.}
                                                  
The control sequence at the end of the top line
of your error message was never \def'ed. If you have
misspelled it (e.g., `\hobx'), type `I' and the correct
spelling (e.g., `I\hbox'). Otherwise just continue,
and I'll forget about whatever was undefined.

Procotolo_deRevisao_import.tex:882: Undefined control sequence.
<argument> \citeyear 
                     {wcama}
l.882 ...ne para selecionar sensor mais próximo.}
                                                  
The control sequence at the end of the top line
of your error message was never \def'ed. If you have
misspelled it (e.g., `\hobx'), type `I' and the correct
spelling (e.g., `I\hbox'). Otherwise just continue,
and I'll forget about whatever was undefined.

Procotolo_deRevisao_import.tex:882: Undefined control sequence.
<argument> \citeyear 
                     {wcama}
l.882 ...ne para selecionar sensor mais próximo.}
                                                  
The control sequence at the end of the top line
of your error message was never \def'ed. If you have
misspelled it (e.g., `\hobx'), type `I' and the correct
spelling (e.g., `I\hbox'). Otherwise just continue,
and I'll forget about whatever was undefined.

Procotolo_deRevisao_import.tex:882: Undefined control sequence.
\campoForm #1#2->\ifstrempty 
                             {#2} {} {\noindent \textbf {#1} #2\par }
l.882 ...ne para selecionar sensor mais próximo.}
                                                  
The control sequence at the end of the top line
of your error message was never \def'ed. If you have
misspelled it (e.g., `\hobx'), type `I' and the correct
spelling (e.g., `I\hbox'). Otherwise just continue,
and I'll forget about whatever was undefined.

Procotolo_deRevisao_import.tex:882: Undefined control sequence.
\campoForm #1#2->\ifstrempty 
                             {#2} {} {\noindent \textbf {#1} #2\par }
l.882 ...ne para selecionar sensor mais próximo.}
                                                  
The control sequence at the end of the top line
of your error message was never \def'ed. If you have
misspelled it (e.g., `\hobx'), type `I' and the correct
spelling (e.g., `I\hbox'). Otherwise just continue,
and I'll forget about whatever was undefined.

Procotolo_deRevisao_import.tex:882: Undefined control sequence.
\campoForm #1#2->\ifstrempty 
                             {#2} {} {\noindent \textbf {#1} #2\par }
l.882 ...ne para selecionar sensor mais próximo.}
                                                  
The control sequence at the end of the top line
of your error message was never \def'ed. If you have
misspelled it (e.g., `\hobx'), type `I' and the correct
spelling (e.g., `I\hbox'). Otherwise just continue,
and I'll forget about whatever was undefined.

Procotolo_deRevisao_import.tex:882: Undefined control sequence.
\campoForm #1#2->\ifstrempty 
                             {#2} {} {\noindent \textbf {#1} #2\par }
l.882 ...ne para selecionar sensor mais próximo.}
                                                  
The control sequence at the end of the top line
of your error message was never \def'ed. If you have
misspelled it (e.g., `\hobx'), type `I' and the correct
spelling (e.g., `I\hbox'). Otherwise just continue,
and I'll forget about whatever was undefined.

Procotolo_deRevisao_import.tex:882: Undefined control sequence.
\campoForm #1#2->\ifstrempty 
                             {#2} {} {\noindent \textbf {#1} #2\par }
l.882 ...ne para selecionar sensor mais próximo.}
                                                  
The control sequence at the end of the top line
of your error message was never \def'ed. If you have
misspelled it (e.g., `\hobx'), type `I' and the correct
spelling (e.g., `I\hbox'). Otherwise just continue,
and I'll forget about whatever was undefined.


LaTeX Warning: Citation `wcama' undefined on input line 882.

Procotolo_deRevisao_import.tex:899: Undefined control sequence.
\campoForm #1#2->\ifstrempty 
                             {#2} {} {\noindent \textbf {#1} #2\par }
l.899 }
       
The control sequence at the end of the top line
of your error message was never \def'ed. If you have
misspelled it (e.g., `\hobx'), type `I' and the correct
spelling (e.g., `I\hbox'). Otherwise just continue,
and I'll forget about whatever was undefined.

Procotolo_deRevisao_import.tex:899: Undefined control sequence.
\campoForm #1#2->\ifstrempty 
                             {#2} {} {\noindent \textbf {#1} #2\par }
l.899 }
       
The control sequence at the end of the top line
of your error message was never \def'ed. If you have
misspelled it (e.g., `\hobx'), type `I' and the correct
spelling (e.g., `I\hbox'). Otherwise just continue,
and I'll forget about whatever was undefined.

Procotolo_deRevisao_import.tex:899: Undefined control sequence.
\campoForm #1#2->\ifstrempty 
                             {#2} {} {\noindent \textbf {#1} #2\par }
l.899 }
       
The control sequence at the end of the top line
of your error message was never \def'ed. If you have
misspelled it (e.g., `\hobx'), type `I' and the correct
spelling (e.g., `I\hbox'). Otherwise just continue,
and I'll forget about whatever was undefined.

Procotolo_deRevisao_import.tex:899: Undefined control sequence.
\campoForm #1#2->\ifstrempty 
                             {#2} {} {\noindent \textbf {#1} #2\par }
l.899 }
       
The control sequence at the end of the top line
of your error message was never \def'ed. If you have
misspelled it (e.g., `\hobx'), type `I' and the correct
spelling (e.g., `I\hbox'). Otherwise just continue,
and I'll forget about whatever was undefined.

Procotolo_deRevisao_import.tex:899: Undefined control sequence.
\campoForm #1#2->\ifstrempty 
                             {#2} {} {\noindent \textbf {#1} #2\par }
l.899 }
       
The control sequence at the end of the top line
of your error message was never \def'ed. If you have
misspelled it (e.g., `\hobx'), type `I' and the correct
spelling (e.g., `I\hbox'). Otherwise just continue,
and I'll forget about whatever was undefined.

Procotolo_deRevisao_import.tex:899: Undefined control sequence.
\campoForm #1#2->\ifstrempty 
                             {#2} {} {\noindent \textbf {#1} #2\par }
l.899 }
       
The control sequence at the end of the top line
of your error message was never \def'ed. If you have
misspelled it (e.g., `\hobx'), type `I' and the correct
spelling (e.g., `I\hbox'). Otherwise just continue,
and I'll forget about whatever was undefined.

Procotolo_deRevisao_import.tex:899: Undefined control sequence.
\campoForm #1#2->\ifstrempty 
                             {#2} {} {\noindent \textbf {#1} #2\par }
l.899 }
       
The control sequence at the end of the top line
of your error message was never \def'ed. If you have
misspelled it (e.g., `\hobx'), type `I' and the correct
spelling (e.g., `I\hbox'). Otherwise just continue,
and I'll forget about whatever was undefined.

Procotolo_deRevisao_import.tex:899: Undefined control sequence.
\campoForm #1#2->\ifstrempty 
                             {#2} {} {\noindent \textbf {#1} #2\par }
l.899 }
       
The control sequence at the end of the top line
of your error message was never \def'ed. If you have
misspelled it (e.g., `\hobx'), type `I' and the correct
spelling (e.g., `I\hbox'). Otherwise just continue,
and I'll forget about whatever was undefined.

Procotolo_deRevisao_import.tex:899: Undefined control sequence.
\campoForm #1#2->\ifstrempty 
                             {#2} {} {\noindent \textbf {#1} #2\par }
l.899 }
       
The control sequence at the end of the top line
of your error message was never \def'ed. If you have
misspelled it (e.g., `\hobx'), type `I' and the correct
spelling (e.g., `I\hbox'). Otherwise just continue,
and I'll forget about whatever was undefined.

Procotolo_deRevisao_import.tex:899: Undefined control sequence.
\campoForm #1#2->\ifstrempty 
                             {#2} {} {\noindent \textbf {#1} #2\par }
l.899 }
       
The control sequence at the end of the top line
of your error message was never \def'ed. If you have
misspelled it (e.g., `\hobx'), type `I' and the correct
spelling (e.g., `I\hbox'). Otherwise just continue,
and I'll forget about whatever was undefined.

Procotolo_deRevisao_import.tex:899: Undefined control sequence.
\__clist_map_1:w #1->\par \noindent \fullcite 
                                              {#1}\par 
l.899 }
       
The control sequence at the end of the top line
of your error message was never \def'ed. If you have
misspelled it (e.g., `\hobx'), type `I' and the correct
spelling (e.g., `I\hbox'). Otherwise just continue,
and I'll forget about whatever was undefined.

Procotolo_deRevisao_import.tex:899: Undefined control sequence.
\__clist_map_1:w #1->\par \noindent \fullcite 
                                              {#1}\par 
l.899 }
       
The control sequence at the end of the top line
of your error message was never \def'ed. If you have
misspelled it (e.g., `\hobx'), type `I' and the correct
spelling (e.g., `I\hbox'). Otherwise just continue,
and I'll forget about whatever was undefined.

Procotolo_deRevisao_import.tex:899: Undefined control sequence.
\__clist_map_1:w #1->\par \noindent \fullcite 
                                              {#1}\par 
l.899 }
       
The control sequence at the end of the top line
of your error message was never \def'ed. If you have
misspelled it (e.g., `\hobx'), type `I' and the correct
spelling (e.g., `I\hbox'). Otherwise just continue,
and I'll forget about whatever was undefined.

Procotolo_deRevisao_import.tex:899: Undefined control sequence.
\__clist_map_1:w #1->\par \noindent \fullcite 
                                              {#1}\par 
l.899 }
       
The control sequence at the end of the top line
of your error message was never \def'ed. If you have
misspelled it (e.g., `\hobx'), type `I' and the correct
spelling (e.g., `I\hbox'). Otherwise just continue,
and I'll forget about whatever was undefined.

Procotolo_deRevisao_import.tex:899: Undefined control sequence.
\__clist_map_1:w #1->\par \noindent \fullcite 
                                              {#1}\par 
l.899 }
       
The control sequence at the end of the top line
of your error message was never \def'ed. If you have
misspelled it (e.g., `\hobx'), type `I' and the correct
spelling (e.g., `I\hbox'). Otherwise just continue,
and I'll forget about whatever was undefined.

Procotolo_deRevisao_import.tex:899: Undefined control sequence.
\__clist_map_1:w #1->\par \noindent \fullcite 
                                              {#1}\par 
l.899 }
       
The control sequence at the end of the top line
of your error message was never \def'ed. If you have
misspelled it (e.g., `\hobx'), type `I' and the correct
spelling (e.g., `I\hbox'). Otherwise just continue,
and I'll forget about whatever was undefined.

Procotolo_deRevisao_import.tex:899: Undefined control sequence.
\__clist_map_1:w #1->\par \noindent \fullcite 
                                              {#1}\par 
l.899 }
       
The control sequence at the end of the top line
of your error message was never \def'ed. If you have
misspelled it (e.g., `\hobx'), type `I' and the correct
spelling (e.g., `I\hbox'). Otherwise just continue,
and I'll forget about whatever was undefined.

Procotolo_deRevisao_import.tex:899: Undefined control sequence.
\__clist_map_1:w #1->\par \noindent \fullcite 
                                              {#1}\par 
l.899 }
       
The control sequence at the end of the top line
of your error message was never \def'ed. If you have
misspelled it (e.g., `\hobx'), type `I' and the correct
spelling (e.g., `I\hbox'). Otherwise just continue,
and I'll forget about whatever was undefined.

Procotolo_deRevisao_import.tex:899: Undefined control sequence.
\__clist_map_1:w #1->\par \noindent \fullcite 
                                              {#1}\par 
l.899 }
       
The control sequence at the end of the top line
of your error message was never \def'ed. If you have
misspelled it (e.g., `\hobx'), type `I' and the correct
spelling (e.g., `I\hbox'). Otherwise just continue,
and I'll forget about whatever was undefined.

Procotolo_deRevisao_import.tex:899: Undefined control sequence.
\__clist_map_1:w #1->\par \noindent \fullcite 
                                              {#1}\par 
l.899 }
       
The control sequence at the end of the top line
of your error message was never \def'ed. If you have
misspelled it (e.g., `\hobx'), type `I' and the correct
spelling (e.g., `I\hbox'). Otherwise just continue,
and I'll forget about whatever was undefined.

Procotolo_deRevisao_import.tex:899: Undefined control sequence.
\__clist_map_1:w #1->\par \noindent \fullcite 
                                              {#1}\par 
l.899 }
       
The control sequence at the end of the top line
of your error message was never \def'ed. If you have
misspelled it (e.g., `\hobx'), type `I' and the correct
spelling (e.g., `I\hbox'). Otherwise just continue,
and I'll forget about whatever was undefined.

Procotolo_deRevisao_import.tex:899: Undefined control sequence.
\__clist_map_1:w #1->\par \noindent \fullcite 
                                              {#1}\par 
l.899 }
       
The control sequence at the end of the top line
of your error message was never \def'ed. If you have
misspelled it (e.g., `\hobx'), type `I' and the correct
spelling (e.g., `I\hbox'). Otherwise just continue,
and I'll forget about whatever was undefined.

Procotolo_deRevisao_import.tex:906: Undefined control sequence.
\formularioExtracaoDadosSomenteBibtex ...bsection 
                                                  *{#1º}\campoForm {Título...
l.906 ...empo de inferência médio 49,01 $\mu$s.}
                                                  
The control sequence at the end of the top line
of your error message was never \def'ed. If you have
misspelled it (e.g., `\hobx'), type `I' and the correct
spelling (e.g., `I\hbox'). Otherwise just continue,
and I'll forget about whatever was undefined.

Procotolo_deRevisao_import.tex:906: Undefined control sequence.
\campoForm #1#2->\ifstrempty 
                             {#2} {} {\noindent \textbf {#1} #2\par }
l.906 ...empo de inferência médio 49,01 $\mu$s.}
                                                  
The control sequence at the end of the top line
of your error message was never \def'ed. If you have
misspelled it (e.g., `\hobx'), type `I' and the correct
spelling (e.g., `I\hbox'). Otherwise just continue,
and I'll forget about whatever was undefined.

Procotolo_deRevisao_import.tex:906: Undefined control sequence.
<argument> \citetitle 
                      {rodrigues2024tinyml}
l.906 ...empo de inferência médio 49,01 $\mu$s.}
                                                  
The control sequence at the end of the top line
of your error message was never \def'ed. If you have
misspelled it (e.g., `\hobx'), type `I' and the correct
spelling (e.g., `I\hbox'). Otherwise just continue,
and I'll forget about whatever was undefined.

Procotolo_deRevisao_import.tex:906: Undefined control sequence.
<argument> \citetitle 
                      {rodrigues2024tinyml}
l.906 ...empo de inferência médio 49,01 $\mu$s.}
                                                  
The control sequence at the end of the top line
of your error message was never \def'ed. If you have
misspelled it (e.g., `\hobx'), type `I' and the correct
spelling (e.g., `I\hbox'). Otherwise just continue,
and I'll forget about whatever was undefined.

Procotolo_deRevisao_import.tex:906: Undefined control sequence.
\campoForm #1#2->\ifstrempty 
                             {#2} {} {\noindent \textbf {#1} #2\par }
l.906 ...empo de inferência médio 49,01 $\mu$s.}
                                                  
The control sequence at the end of the top line
of your error message was never \def'ed. If you have
misspelled it (e.g., `\hobx'), type `I' and the correct
spelling (e.g., `I\hbox'). Otherwise just continue,
and I'll forget about whatever was undefined.

Procotolo_deRevisao_import.tex:906: Undefined control sequence.
<argument> \citeauthor 
                       {rodrigues2024tinyml}
l.906 ...empo de inferência médio 49,01 $\mu$s.}
                                                  
The control sequence at the end of the top line
of your error message was never \def'ed. If you have
misspelled it (e.g., `\hobx'), type `I' and the correct
spelling (e.g., `I\hbox'). Otherwise just continue,
and I'll forget about whatever was undefined.

Procotolo_deRevisao_import.tex:906: Undefined control sequence.
<argument> \citeauthor 
                       {rodrigues2024tinyml}
l.906 ...empo de inferência médio 49,01 $\mu$s.}
                                                  
The control sequence at the end of the top line
of your error message was never \def'ed. If you have
misspelled it (e.g., `\hobx'), type `I' and the correct
spelling (e.g., `I\hbox'). Otherwise just continue,
and I'll forget about whatever was undefined.

Procotolo_deRevisao_import.tex:906: Undefined control sequence.
\campoForm #1#2->\ifstrempty 
                             {#2} {} {\noindent \textbf {#1} #2\par }
l.906 ...empo de inferência médio 49,01 $\mu$s.}
                                                  
The control sequence at the end of the top line
of your error message was never \def'ed. If you have
misspelled it (e.g., `\hobx'), type `I' and the correct
spelling (e.g., `I\hbox'). Otherwise just continue,
and I'll forget about whatever was undefined.

Procotolo_deRevisao_import.tex:906: Undefined control sequence.
<argument> \citeyear 
                     {rodrigues2024tinyml}
l.906 ...empo de inferência médio 49,01 $\mu$s.}
                                                  
The control sequence at the end of the top line
of your error message was never \def'ed. If you have
misspelled it (e.g., `\hobx'), type `I' and the correct
spelling (e.g., `I\hbox'). Otherwise just continue,
and I'll forget about whatever was undefined.

Procotolo_deRevisao_import.tex:906: Undefined control sequence.
<argument> \citeyear 
                     {rodrigues2024tinyml}
l.906 ...empo de inferência médio 49,01 $\mu$s.}
                                                  
The control sequence at the end of the top line
of your error message was never \def'ed. If you have
misspelled it (e.g., `\hobx'), type `I' and the correct
spelling (e.g., `I\hbox'). Otherwise just continue,
and I'll forget about whatever was undefined.

Procotolo_deRevisao_import.tex:906: Undefined control sequence.
\campoForm #1#2->\ifstrempty 
                             {#2} {} {\noindent \textbf {#1} #2\par }
l.906 ...empo de inferência médio 49,01 $\mu$s.}
                                                  
The control sequence at the end of the top line
of your error message was never \def'ed. If you have
misspelled it (e.g., `\hobx'), type `I' and the correct
spelling (e.g., `I\hbox'). Otherwise just continue,
and I'll forget about whatever was undefined.

Procotolo_deRevisao_import.tex:906: Undefined control sequence.
\campoForm #1#2->\ifstrempty 
                             {#2} {} {\noindent \textbf {#1} #2\par }
l.906 ...empo de inferência médio 49,01 $\mu$s.}
                                                  
The control sequence at the end of the top line
of your error message was never \def'ed. If you have
misspelled it (e.g., `\hobx'), type `I' and the correct
spelling (e.g., `I\hbox'). Otherwise just continue,
and I'll forget about whatever was undefined.

Procotolo_deRevisao_import.tex:906: Undefined control sequence.
\campoForm #1#2->\ifstrempty 
                             {#2} {} {\noindent \textbf {#1} #2\par }
l.906 ...empo de inferência médio 49,01 $\mu$s.}
                                                  
The control sequence at the end of the top line
of your error message was never \def'ed. If you have
misspelled it (e.g., `\hobx'), type `I' and the correct
spelling (e.g., `I\hbox'). Otherwise just continue,
and I'll forget about whatever was undefined.

Procotolo_deRevisao_import.tex:906: Undefined control sequence.
\campoForm #1#2->\ifstrempty 
                             {#2} {} {\noindent \textbf {#1} #2\par }
l.906 ...empo de inferência médio 49,01 $\mu$s.}
                                                  
The control sequence at the end of the top line
of your error message was never \def'ed. If you have
misspelled it (e.g., `\hobx'), type `I' and the correct
spelling (e.g., `I\hbox'). Otherwise just continue,
and I'll forget about whatever was undefined.

Procotolo_deRevisao_import.tex:906: Undefined control sequence.
\campoForm #1#2->\ifstrempty 
                             {#2} {} {\noindent \textbf {#1} #2\par }
l.906 ...empo de inferência médio 49,01 $\mu$s.}
                                                  
The control sequence at the end of the top line
of your error message was never \def'ed. If you have
misspelled it (e.g., `\hobx'), type `I' and the correct
spelling (e.g., `I\hbox'). Otherwise just continue,
and I'll forget about whatever was undefined.


LaTeX Warning: Citation `rodrigues2024tinyml' undefined on input line 906.

Procotolo_deRevisao_import.tex:923: Undefined control sequence.
\campoForm #1#2->\ifstrempty 
                             {#2} {} {\noindent \textbf {#1} #2\par }
l.923 }
       
The control sequence at the end of the top line
of your error message was never \def'ed. If you have
misspelled it (e.g., `\hobx'), type `I' and the correct
spelling (e.g., `I\hbox'). Otherwise just continue,
and I'll forget about whatever was undefined.

Procotolo_deRevisao_import.tex:923: Undefined control sequence.
\campoForm #1#2->\ifstrempty 
                             {#2} {} {\noindent \textbf {#1} #2\par }
l.923 }
       
The control sequence at the end of the top line
of your error message was never \def'ed. If you have
misspelled it (e.g., `\hobx'), type `I' and the correct
spelling (e.g., `I\hbox'). Otherwise just continue,
and I'll forget about whatever was undefined.

Procotolo_deRevisao_import.tex:923: Undefined control sequence.
\campoForm #1#2->\ifstrempty 
                             {#2} {} {\noindent \textbf {#1} #2\par }
l.923 }
       
The control sequence at the end of the top line
of your error message was never \def'ed. If you have
misspelled it (e.g., `\hobx'), type `I' and the correct
spelling (e.g., `I\hbox'). Otherwise just continue,
and I'll forget about whatever was undefined.

Procotolo_deRevisao_import.tex:923: Undefined control sequence.
\campoForm #1#2->\ifstrempty 
                             {#2} {} {\noindent \textbf {#1} #2\par }
l.923 }
       
The control sequence at the end of the top line
of your error message was never \def'ed. If you have
misspelled it (e.g., `\hobx'), type `I' and the correct
spelling (e.g., `I\hbox'). Otherwise just continue,
and I'll forget about whatever was undefined.

Procotolo_deRevisao_import.tex:923: Undefined control sequence.
\campoForm #1#2->\ifstrempty 
                             {#2} {} {\noindent \textbf {#1} #2\par }
l.923 }
       
The control sequence at the end of the top line
of your error message was never \def'ed. If you have
misspelled it (e.g., `\hobx'), type `I' and the correct
spelling (e.g., `I\hbox'). Otherwise just continue,
and I'll forget about whatever was undefined.

Procotolo_deRevisao_import.tex:923: Undefined control sequence.
\campoForm #1#2->\ifstrempty 
                             {#2} {} {\noindent \textbf {#1} #2\par }
l.923 }
       
The control sequence at the end of the top line
of your error message was never \def'ed. If you have
misspelled it (e.g., `\hobx'), type `I' and the correct
spelling (e.g., `I\hbox'). Otherwise just continue,
and I'll forget about whatever was undefined.

Procotolo_deRevisao_import.tex:923: Undefined control sequence.
\campoForm #1#2->\ifstrempty 
                             {#2} {} {\noindent \textbf {#1} #2\par }
l.923 }
       
The control sequence at the end of the top line
of your error message was never \def'ed. If you have
misspelled it (e.g., `\hobx'), type `I' and the correct
spelling (e.g., `I\hbox'). Otherwise just continue,
and I'll forget about whatever was undefined.

Procotolo_deRevisao_import.tex:923: Undefined control sequence.
\campoForm #1#2->\ifstrempty 
                             {#2} {} {\noindent \textbf {#1} #2\par }
l.923 }
       
The control sequence at the end of the top line
of your error message was never \def'ed. If you have
misspelled it (e.g., `\hobx'), type `I' and the correct
spelling (e.g., `I\hbox'). Otherwise just continue,
and I'll forget about whatever was undefined.

Procotolo_deRevisao_import.tex:923: Undefined control sequence.
\campoForm #1#2->\ifstrempty 
                             {#2} {} {\noindent \textbf {#1} #2\par }
l.923 }
       
The control sequence at the end of the top line
of your error message was never \def'ed. If you have
misspelled it (e.g., `\hobx'), type `I' and the correct
spelling (e.g., `I\hbox'). Otherwise just continue,
and I'll forget about whatever was undefined.

Procotolo_deRevisao_import.tex:923: Undefined control sequence.
\campoForm #1#2->\ifstrempty 
                             {#2} {} {\noindent \textbf {#1} #2\par }
l.923 }
       
The control sequence at the end of the top line
of your error message was never \def'ed. If you have
misspelled it (e.g., `\hobx'), type `I' and the correct
spelling (e.g., `I\hbox'). Otherwise just continue,
and I'll forget about whatever was undefined.

Procotolo_deRevisao_import.tex:923: Undefined control sequence.
\__clist_map_1:w #1->\par \noindent \fullcite 
                                              {#1}\par 
l.923 }
       
The control sequence at the end of the top line
of your error message was never \def'ed. If you have
misspelled it (e.g., `\hobx'), type `I' and the correct
spelling (e.g., `I\hbox'). Otherwise just continue,
and I'll forget about whatever was undefined.

Procotolo_deRevisao_import.tex:923: Undefined control sequence.
\__clist_map_1:w #1->\par \noindent \fullcite 
                                              {#1}\par 
l.923 }
       
The control sequence at the end of the top line
of your error message was never \def'ed. If you have
misspelled it (e.g., `\hobx'), type `I' and the correct
spelling (e.g., `I\hbox'). Otherwise just continue,
and I'll forget about whatever was undefined.

Procotolo_deRevisao_import.tex:923: Undefined control sequence.
\__clist_map_1:w #1->\par \noindent \fullcite 
                                              {#1}\par 
l.923 }
       
The control sequence at the end of the top line
of your error message was never \def'ed. If you have
misspelled it (e.g., `\hobx'), type `I' and the correct
spelling (e.g., `I\hbox'). Otherwise just continue,
and I'll forget about whatever was undefined.

Procotolo_deRevisao_import.tex:923: Undefined control sequence.
\__clist_map_1:w #1->\par \noindent \fullcite 
                                              {#1}\par 
l.923 }
       
The control sequence at the end of the top line
of your error message was never \def'ed. If you have
misspelled it (e.g., `\hobx'), type `I' and the correct
spelling (e.g., `I\hbox'). Otherwise just continue,
and I'll forget about whatever was undefined.

Procotolo_deRevisao_import.tex:923: Undefined control sequence.
\__clist_map_1:w #1->\par \noindent \fullcite 
                                              {#1}\par 
l.923 }
       
The control sequence at the end of the top line
of your error message was never \def'ed. If you have
misspelled it (e.g., `\hobx'), type `I' and the correct
spelling (e.g., `I\hbox'). Otherwise just continue,
and I'll forget about whatever was undefined.

Procotolo_deRevisao_import.tex:923: Undefined control sequence.
\__clist_map_1:w #1->\par \noindent \fullcite 
                                              {#1}\par 
l.923 }
       
The control sequence at the end of the top line
of your error message was never \def'ed. If you have
misspelled it (e.g., `\hobx'), type `I' and the correct
spelling (e.g., `I\hbox'). Otherwise just continue,
and I'll forget about whatever was undefined.

Procotolo_deRevisao_import.tex:923: Undefined control sequence.
\__clist_map_1:w #1->\par \noindent \fullcite 
                                              {#1}\par 
l.923 }
       
The control sequence at the end of the top line
of your error message was never \def'ed. If you have
misspelled it (e.g., `\hobx'), type `I' and the correct
spelling (e.g., `I\hbox'). Otherwise just continue,
and I'll forget about whatever was undefined.

Procotolo_deRevisao_import.tex:923: Undefined control sequence.
\__clist_map_1:w #1->\par \noindent \fullcite 
                                              {#1}\par 
l.923 }
       
The control sequence at the end of the top line
of your error message was never \def'ed. If you have
misspelled it (e.g., `\hobx'), type `I' and the correct
spelling (e.g., `I\hbox'). Otherwise just continue,
and I'll forget about whatever was undefined.

Procotolo_deRevisao_import.tex:923: Undefined control sequence.
\__clist_map_1:w #1->\par \noindent \fullcite 
                                              {#1}\par 
l.923 }
       
The control sequence at the end of the top line
of your error message was never \def'ed. If you have
misspelled it (e.g., `\hobx'), type `I' and the correct
spelling (e.g., `I\hbox'). Otherwise just continue,
and I'll forget about whatever was undefined.

Procotolo_deRevisao_import.tex:923: Undefined control sequence.
\__clist_map_1:w #1->\par \noindent \fullcite 
                                              {#1}\par 
l.923 }
       
The control sequence at the end of the top line
of your error message was never \def'ed. If you have
misspelled it (e.g., `\hobx'), type `I' and the correct
spelling (e.g., `I\hbox'). Otherwise just continue,
and I'll forget about whatever was undefined.

Procotolo_deRevisao_import.tex:923: Undefined control sequence.
\__clist_map_1:w #1->\par \noindent \fullcite 
                                              {#1}\par 
l.923 }
       
The control sequence at the end of the top line
of your error message was never \def'ed. If you have
misspelled it (e.g., `\hobx'), type `I' and the correct
spelling (e.g., `I\hbox'). Otherwise just continue,
and I'll forget about whatever was undefined.

Procotolo_deRevisao_import.tex:923: Undefined control sequence.
\__clist_map_1:w #1->\par \noindent \fullcite 
                                              {#1}\par 
l.923 }
       
The control sequence at the end of the top line
of your error message was never \def'ed. If you have
misspelled it (e.g., `\hobx'), type `I' and the correct
spelling (e.g., `I\hbox'). Otherwise just continue,
and I'll forget about whatever was undefined.

Procotolo_deRevisao_import.tex:923: Undefined control sequence.
\__clist_map_1:w #1->\par \noindent \fullcite 
                                              {#1}\par 
l.923 }
       
The control sequence at the end of the top line
of your error message was never \def'ed. If you have
misspelled it (e.g., `\hobx'), type `I' and the correct
spelling (e.g., `I\hbox'). Otherwise just continue,
and I'll forget about whatever was undefined.

Procotolo_deRevisao_import.tex:923: Undefined control sequence.
\__clist_map_1:w #1->\par \noindent \fullcite 
                                              {#1}\par 
l.923 }
       
The control sequence at the end of the top line
of your error message was never \def'ed. If you have
misspelled it (e.g., `\hobx'), type `I' and the correct
spelling (e.g., `I\hbox'). Otherwise just continue,
and I'll forget about whatever was undefined.

Procotolo_deRevisao_import.tex:923: Undefined control sequence.
\__clist_map_1:w #1->\par \noindent \fullcite 
                                              {#1}\par 
l.923 }
       
The control sequence at the end of the top line
of your error message was never \def'ed. If you have
misspelled it (e.g., `\hobx'), type `I' and the correct
spelling (e.g., `I\hbox'). Otherwise just continue,
and I'll forget about whatever was undefined.

Procotolo_deRevisao_import.tex:923: Undefined control sequence.
\__clist_map_1:w #1->\par \noindent \fullcite 
                                              {#1}\par 
l.923 }
       
The control sequence at the end of the top line
of your error message was never \def'ed. If you have
misspelled it (e.g., `\hobx'), type `I' and the correct
spelling (e.g., `I\hbox'). Otherwise just continue,
and I'll forget about whatever was undefined.

Procotolo_deRevisao_import.tex:923: Undefined control sequence.
\__clist_map_1:w #1->\par \noindent \fullcite 
                                              {#1}\par 
l.923 }
       
The control sequence at the end of the top line
of your error message was never \def'ed. If you have
misspelled it (e.g., `\hobx'), type `I' and the correct
spelling (e.g., `I\hbox'). Otherwise just continue,
and I'll forget about whatever was undefined.

Procotolo_deRevisao_import.tex:923: Undefined control sequence.
\__clist_map_1:w #1->\par \noindent \fullcite 
                                              {#1}\par 
l.923 }
       
The control sequence at the end of the top line
of your error message was never \def'ed. If you have
misspelled it (e.g., `\hobx'), type `I' and the correct
spelling (e.g., `I\hbox'). Otherwise just continue,
and I'll forget about whatever was undefined.

Procotolo_deRevisao_import.tex:923: Undefined control sequence.
\__clist_map_1:w #1->\par \noindent \fullcite 
                                              {#1}\par 
l.923 }
       
The control sequence at the end of the top line
of your error message was never \def'ed. If you have
misspelled it (e.g., `\hobx'), type `I' and the correct
spelling (e.g., `I\hbox'). Otherwise just continue,
and I'll forget about whatever was undefined.

Procotolo_deRevisao_import.tex:923: Undefined control sequence.
\__clist_map_1:w #1->\par \noindent \fullcite 
                                              {#1}\par 
l.923 }
       
The control sequence at the end of the top line
of your error message was never \def'ed. If you have
misspelled it (e.g., `\hobx'), type `I' and the correct
spelling (e.g., `I\hbox'). Otherwise just continue,
and I'll forget about whatever was undefined.

Procotolo_deRevisao_import.tex:923: Undefined control sequence.
\__clist_map_1:w #1->\par \noindent \fullcite 
                                              {#1}\par 
l.923 }
       
The control sequence at the end of the top line
of your error message was never \def'ed. If you have
misspelled it (e.g., `\hobx'), type `I' and the correct
spelling (e.g., `I\hbox'). Otherwise just continue,
and I'll forget about whatever was undefined.

Procotolo_deRevisao_import.tex:923: Undefined control sequence.
\__clist_map_1:w #1->\par \noindent \fullcite 
                                              {#1}\par 
l.923 }
       
The control sequence at the end of the top line
of your error message was never \def'ed. If you have
misspelled it (e.g., `\hobx'), type `I' and the correct
spelling (e.g., `I\hbox'). Otherwise just continue,
and I'll forget about whatever was undefined.

Procotolo_deRevisao_import.tex:923: Undefined control sequence.
\__clist_map_1:w #1->\par \noindent \fullcite 
                                              {#1}\par 
l.923 }
       
The control sequence at the end of the top line
of your error message was never \def'ed. If you have
misspelled it (e.g., `\hobx'), type `I' and the correct
spelling (e.g., `I\hbox'). Otherwise just continue,
and I'll forget about whatever was undefined.

Procotolo_deRevisao_import.tex:923: Undefined control sequence.
\__clist_map_1:w #1->\par \noindent \fullcite 
                                              {#1}\par 
l.923 }
       
The control sequence at the end of the top line
of your error message was never \def'ed. If you have
misspelled it (e.g., `\hobx'), type `I' and the correct
spelling (e.g., `I\hbox'). Otherwise just continue,
and I'll forget about whatever was undefined.

Procotolo_deRevisao_import.tex:923: Undefined control sequence.
\__clist_map_1:w #1->\par \noindent \fullcite 
                                              {#1}\par 
l.923 }
       
The control sequence at the end of the top line
of your error message was never \def'ed. If you have
misspelled it (e.g., `\hobx'), type `I' and the correct
spelling (e.g., `I\hbox'). Otherwise just continue,
and I'll forget about whatever was undefined.

Procotolo_deRevisao_import.tex:923: Undefined control sequence.
\__clist_map_1:w #1->\par \noindent \fullcite 
                                              {#1}\par 
l.923 }
       
The control sequence at the end of the top line
of your error message was never \def'ed. If you have
misspelled it (e.g., `\hobx'), type `I' and the correct
spelling (e.g., `I\hbox'). Otherwise just continue,
and I'll forget about whatever was undefined.

Procotolo_deRevisao_import.tex:923: Undefined control sequence.
\__clist_map_1:w #1->\par \noindent \fullcite 
                                              {#1}\par 
l.923 }
       
The control sequence at the end of the top line
of your error message was never \def'ed. If you have
misspelled it (e.g., `\hobx'), type `I' and the correct
spelling (e.g., `I\hbox'). Otherwise just continue,
and I'll forget about whatever was undefined.

Procotolo_deRevisao_import.tex:923: Undefined control sequence.
\__clist_map_1:w #1->\par \noindent \fullcite 
                                              {#1}\par 
l.923 }
       
The control sequence at the end of the top line
of your error message was never \def'ed. If you have
misspelled it (e.g., `\hobx'), type `I' and the correct
spelling (e.g., `I\hbox'). Otherwise just continue,
and I'll forget about whatever was undefined.

Procotolo_deRevisao_import.tex:923: Undefined control sequence.
\__clist_map_1:w #1->\par \noindent \fullcite 
                                              {#1}\par 
l.923 }
       
The control sequence at the end of the top line
of your error message was never \def'ed. If you have
misspelled it (e.g., `\hobx'), type `I' and the correct
spelling (e.g., `I\hbox'). Otherwise just continue,
and I'll forget about whatever was undefined.

Procotolo_deRevisao_import.tex:923: Undefined control sequence.
\__clist_map_1:w #1->\par \noindent \fullcite 
                                              {#1}\par 
l.923 }
       
The control sequence at the end of the top line
of your error message was never \def'ed. If you have
misspelled it (e.g., `\hobx'), type `I' and the correct
spelling (e.g., `I\hbox'). Otherwise just continue,
and I'll forget about whatever was undefined.


Procotolo_deRevisao_import.tex:925: LaTeX Error: The font size command \normalsize is not defined:
               there is probably something wrong with the class file.

See the LaTeX manual or LaTeX Companion for explanation.
Type  H <return>  for immediate help.
 ...                                              
                                                  
l.925   \newpage
                
Your command was ignored.
Type  I <command> <return>  to replace it with another command,
or  <return>  to continue without it.

[4]
Procotolo_deRevisao_import.tex:928: Undefined control sequence.
l.928 \section
              *{ANÁLISE DOS RESULTADOS}
The control sequence at the end of the top line
of your error message was never \def'ed. If you have
misspelled it (e.g., `\hobx'), type `I' and the correct
spelling (e.g., `I\hbox'). Otherwise just continue,
and I'll forget about whatever was undefined.

Procotolo_deRevisao_import.tex:934: Undefined control sequence.
l.934 \subsection
                 *{1. Tabulação de resultados (Dados quantitativos)}
The control sequence at the end of the top line
of your error message was never \def'ed. If you have
misspelled it (e.g., `\hobx'), type `I' and the correct
spelling (e.g., `I\hbox'). Otherwise just continue,
and I'll forget about whatever was undefined.


Procotolo_deRevisao_import.tex:936: LaTeX Error: Environment table undefined.

See the LaTeX manual or LaTeX Companion for explanation.
Type  H <return>  for immediate help.
 ...                                              
                                                  
l.936 \begin{table}
                   [H]
Your command was ignored.
Type  I <command> <return>  to replace it with another command,
or  <return>  to continue without it.

Procotolo_deRevisao_import.tex:938: Undefined control sequence.
l.938 \small
            
The control sequence at the end of the top line
of your error message was never \def'ed. If you have
misspelled it (e.g., `\hobx'), type `I' and the correct
spelling (e.g., `I\hbox'). Otherwise just continue,
and I'll forget about whatever was undefined.


Procotolo_deRevisao_import.tex:940: LaTeX Error: Environment tabularx undefined.

See the LaTeX manual or LaTeX Companion for explanation.
Type  H <return>  for immediate help.
 ...                                              
                                                  
l.940 \begin{tabularx}
                      {\textwidth}{|p{2.2cm}|p{2.2cm}|p{1.8cm}|p{2.5cm}|X|}
Your command was ignored.
Type  I <command> <return>  to replace it with another command,
or  <return>  to continue without it.

Procotolo_deRevisao_import.tex:940: Missing number, treated as zero.
<to be read again> 
                   }
l.940 \begin{tabularx}{\textwidth}
                                  {|p{2.2cm}|p{2.2cm}|p{1.8cm}|p{2.5cm}|X|}
A number should have been here; I inserted `0'.
(If you can't figure out why I needed to see a number,
look up `weird error' in the index to The TeXbook.)

Procotolo_deRevisao_import.tex:940: Illegal unit of measure (pt inserted).
<to be read again> 
                   }
l.940 \begin{tabularx}{\textwidth}
                                  {|p{2.2cm}|p{2.2cm}|p{1.8cm}|p{2.5cm}|X|}
Dimensions can be in units of em, ex, in, pt, pc,
cm, mm, dd, cc, nd, nc, bp, or sp; but yours is a new one!
I'll assume that you meant to say pt, for printer's points.
To recover gracefully from this error, it's best to
delete the erroneous units; e.g., type `2' to delete
two letters. (See Chapter 27 of The TeXbook.)

Procotolo_deRevisao_import.tex:941: Misplaced \noalign.
\hline ->\noalign 
                  {\ifnum 0=`}\fi \hrule \@height \arrayrulewidth \futurelet...
l.941 \hline
            
I expect to see \noalign only after the \cr of
an alignment. Proceed, and I'll ignore this case.

Procotolo_deRevisao_import.tex:942: Misplaced alignment tab character &.
l.942 \textbf{Trabalho} &
                          \textbf{Tecnologias} & \textbf{Poluentes} & \textb...
I can't figure out why you would want to use a tab mark
here. If you just want an ampersand, the remedy is
simple: Just type `I\&' now. But if some right brace
up above has ended a previous alignment prematurely,
you're probably due for more error messages, and you
might try typing `S' now just to see what is salvageable.

Procotolo_deRevisao_import.tex:942: Misplaced alignment tab character &.
l.942 \textbf{Trabalho} & \textbf{Tecnologias} &
                                                 \textbf{Poluentes} & \textb...
I can't figure out why you would want to use a tab mark
here. If you just want an ampersand, the remedy is
simple: Just type `I\&' now. But if some right brace
up above has ended a previous alignment prematurely,
you're probably due for more error messages, and you
might try typing `S' now just to see what is salvageable.

Procotolo_deRevisao_import.tex:942: Misplaced alignment tab character &.
l.942 ...extbf{Tecnologias} & \textbf{Poluentes} &
                                                   \textbf{Métricas} & \tex...
I can't figure out why you would want to use a tab mark
here. If you just want an ampersand, the remedy is
simple: Just type `I\&' now. But if some right brace
up above has ended a previous alignment prematurely,
you're probably due for more error messages, and you
might try typing `S' now just to see what is salvageable.

Procotolo_deRevisao_import.tex:942: Misplaced alignment tab character &.
l.942 ...\textbf{Poluentes} & \textbf{Métricas} &
                                                   \textbf{Resultados quanti...
I can't figure out why you would want to use a tab mark
here. If you just want an ampersand, the remedy is
simple: Just type `I\&' now. But if some right brace
up above has ended a previous alignment prematurely,
you're probably due for more error messages, and you
might try typing `S' now just to see what is salvageable.

Procotolo_deRevisao_import.tex:943: Misplaced \noalign.
\hline ->\noalign 
                  {\ifnum 0=`}\fi \hrule \@height \arrayrulewidth \futurelet...
l.943 \hline
            
I expect to see \noalign only after the \cr of
an alignment. Proceed, and I'll ignore this case.

Procotolo_deRevisao_import.tex:944: Misplaced alignment tab character &.
l.944 ...OS em Smart Campus (Silva et al., 2024) &
                                                   ESP32-LoRa, FreeRTOS, MQ1...
I can't figure out why you would want to use a tab mark
here. If you just want an ampersand, the remedy is
simple: Just type `I\&' now. But if some right brace
up above has ended a previous alignment prematurely,
you're probably due for more error messages, and you
might try typing `S' now just to see what is salvageable.

Procotolo_deRevisao_import.tex:944: Misplaced alignment tab character &.
l.944 ...32-LoRa, FreeRTOS, MQ131/MQ135, LoRaWAN &
                                                   CO, CO\textsubscript{2}, ...
I can't figure out why you would want to use a tab mark
here. If you just want an ampersand, the remedy is
simple: Just type `I\&' now. But if some right brace
up above has ended a previous alignment prematurely,
you're probably due for more error messages, and you
might try typing `S' now just to see what is salvageable.

Procotolo_deRevisao_import.tex:944: Misplaced alignment tab character &.
l.944 ...H\textsubscript{3}, CH\textsubscript{4} &
                                                   Throughput TX/RX, interva...
I can't figure out why you would want to use a tab mark
here. If you just want an ampersand, the remedy is
simple: Just type `I\&' now. But if some right brace
up above has ended a previous alignment prematurely,
you're probably due for more error messages, and you
might try typing `S' now just to see what is salvageable.

Procotolo_deRevisao_import.tex:944: Misplaced alignment tab character &.
l.944 ...ervalo de transmissão, taxa de sucesso &
                                                   Com RTOS: TX=178,23; RX=1...
I can't figure out why you would want to use a tab mark
here. If you just want an ampersand, the remedy is
simple: Just type `I\&' now. But if some right brace
up above has ended a previous alignment prematurely,
you're probably due for more error messages, and you
might try typing `S' now just to see what is salvageable.

Procotolo_deRevisao_import.tex:945: Misplaced \noalign.
\hline ->\noalign 
                  {\ifnum 0=`}\fi \hrule \@height \arrayrulewidth \futurelet...
l.945 \hline
            
I expect to see \noalign only after the \cr of
an alignment. Proceed, and I'll ignore this case.

Procotolo_deRevisao_import.tex:946: Misplaced alignment tab character &.
l.946 RuraLTHINGS (Ladeira, 2025) &
                                    ESP32-LoRa, FIWARE, LSTM/Bi-LSTM, ARIMA,...
I can't figure out why you would want to use a tab mark
here. If you just want an ampersand, the remedy is
simple: Just type `I\&' now. But if some right brace
up above has ended a previous alignment prematurely,
you're probably due for more error messages, and you
might try typing `S' now just to see what is salvageable.

Procotolo_deRevisao_import.tex:946: Misplaced alignment tab character &.
l.946 ...-LoRa, FIWARE, LSTM/Bi-LSTM, ARIMA, FCM &
                                                   Radão, CO, CO\textsubscr...
I can't figure out why you would want to use a tab mark
here. If you just want an ampersand, the remedy is
simple: Just type `I\&' now. But if some right brace
up above has ended a previous alignment prematurely,
you're probably due for more error messages, and you
might try typing `S' now just to see what is salvageable.

Procotolo_deRevisao_import.tex:946: Misplaced alignment tab character &.
l.946 ...textsubscript{2}, temperatura, humidade &
                                                   MSE, MAE, RMSE, R\textsup...
I can't figure out why you would want to use a tab mark
here. If you just want an ampersand, the remedy is
simple: Just type `I\&' now. But if some right brace
up above has ended a previous alignment prematurely,
you're probably due for more error messages, and you
might try typing `S' now just to see what is salvageable.

Procotolo_deRevisao_import.tex:946: Misplaced alignment tab character &.
l.946 ...rscript{2}, sMAPE, tempo de inferência &
                                                   Melhor modelo (Bi-LSTM+LS...
I can't figure out why you would want to use a tab mark
here. If you just want an ampersand, the remedy is
simple: Just type `I\&' now. But if some right brace
up above has ended a previous alignment prematurely,
you're probably due for more error messages, and you
might try typing `S' now just to see what is salvageable.

Procotolo_deRevisao_import.tex:947: Misplaced \noalign.
\hline ->\noalign 
                  {\ifnum 0=`}\fi \hrule \@height \arrayrulewidth \futurelet...
l.947 \hline
            
I expect to see \noalign only after the \cr of
an alignment. Proceed, and I'll ignore this case.

Procotolo_deRevisao_import.tex:948: Misplaced alignment tab character &.
l.948 Sensor PPD42NS (Villarim, 2020) &
                                        ESP32 LoRa, PPD42NS, MQ, RNA, LoRa &...
I can't figure out why you would want to use a tab mark
here. If you just want an ampersand, the remedy is
simple: Just type `I\&' now. But if some right brace
up above has ended a previous alignment prematurely,
you're probably due for more error messages, and you
might try typing `S' now just to see what is salvageable.

Procotolo_deRevisao_import.tex:948: Misplaced alignment tab character &.
l.948 ...0) & ESP32 LoRa, PPD42NS, MQ, RNA, LoRa &
                                                   MP\textsubscript{2,5}, CO...
I can't figure out why you would want to use a tab mark
here. If you just want an ampersand, the remedy is
simple: Just type `I\&' now. But if some right brace
up above has ended a previous alignment prematurely,
you're probably due for more error messages, and you
might try typing `S' now just to see what is salvageable.

Procotolo_deRevisao_import.tex:948: Misplaced alignment tab character &.
l.948 ...cript{4}, GLP, H\textsubscript{2}S, VOC &
                                                   Correlação linear, PDR,...
I can't figure out why you would want to use a tab mark
here. If you just want an ampersand, the remedy is
simple: Just type `I\&' now. But if some right brace
up above has ended a previous alignment prematurely,
you're probably due for more error messages, and you
might try typing `S' now just to see what is salvageable.

Procotolo_deRevisao_import.tex:948: Misplaced alignment tab character &.
l.948 ...rrelação linear, PDR, RSSI, acurácia &
                                                   Calibração PPD42NS: R\t...
I can't figure out why you would want to use a tab mark
here. If you just want an ampersand, the remedy is
simple: Just type `I\&' now. But if some right brace
up above has ended a previous alignment prematurely,
you're probably due for more error messages, and you
might try typing `S' now just to see what is salvageable.

Procotolo_deRevisao_import.tex:949: Misplaced \noalign.
\hline ->\noalign 
                  {\ifnum 0=`}\fi \hrule \@height \arrayrulewidth \futurelet...
l.949 \hline
            
I expect to see \noalign only after the \cr of
an alignment. Proceed, and I'll ignore this case.

Procotolo_deRevisao_import.tex:950: Misplaced alignment tab character &.
l.950 FIWARE no Campus (Cunha et al., 2024) &
                                              ESP32-LoRa, FIWARE, MQ9/MQ131/...
I can't figure out why you would want to use a tab mark
here. If you just want an ampersand, the remedy is
simple: Just type `I\&' now. But if some right brace
up above has ended a previous alignment prematurely,
you're probably due for more error messages, and you
might try typing `S' now just to see what is salvageable.

Procotolo_deRevisao_import.tex:950: Misplaced alignment tab character &.
l.950 ...P32-LoRa, FIWARE, MQ9/MQ131/MQ135/DHT11 &
                                                   CO, CO\textsubscript{2}, ...
I can't figure out why you would want to use a tab mark
here. If you just want an ampersand, the remedy is
simple: Just type `I\&' now. But if some right brace
up above has ended a previous alignment prematurely,
you're probably due for more error messages, and you
might try typing `S' now just to see what is salvageable.

Procotolo_deRevisao_import.tex:950: Misplaced alignment tab character &.
l.950 ...script{3}, CH\textsubscript{4}, acetona &
                                                   Concentrações (ppm), IQ...
I can't figure out why you would want to use a tab mark
here. If you just want an ampersand, the remedy is
simple: Just type `I\&' now. But if some right brace
up above has ended a previous alignment prematurely,
you're probably due for more error messages, and you
might try typing `S' now just to see what is salvageable.

Procotolo_deRevisao_import.tex:950: Misplaced alignment tab character &.
l.950 ..., acetona & Concentrações (ppm), IQAr &
                                                   CO: até 25 ppm (galpão)...
I can't figure out why you would want to use a tab mark
here. If you just want an ampersand, the remedy is
simple: Just type `I\&' now. But if some right brace
up above has ended a previous alignment prematurely,
you're probably due for more error messages, and you
might try typing `S' now just to see what is salvageable.

Procotolo_deRevisao_import.tex:951: Misplaced \noalign.
\hline ->\noalign 
                  {\ifnum 0=`}\fi \hrule \@height \arrayrulewidth \futurelet...
l.951 \hline
            
I expect to see \noalign only after the \cr of
an alignment. Proceed, and I'll ignore this case.

Procotolo_deRevisao_import.tex:952: Misplaced alignment tab character &.
l.952 IQArMobi (Thaylor et al., 2025) &
                                        ESP32-LoRa, FIWARE, ML (LR, RF, SVM,...
I can't figure out why you would want to use a tab mark
here. If you just want an ampersand, the remedy is
simple: Just type `I\&' now. But if some right brace
up above has ended a previous alignment prematurely,
you're probably due for more error messages, and you
might try typing `S' now just to see what is salvageable.

Procotolo_deRevisao_import.tex:952: Misplaced alignment tab character &.
l.952 ...IWARE, ML (LR, RF, SVM, GBC), haversine &
                                                   CO, CO\textsubscript{2}, ...
I can't figure out why you would want to use a tab mark
here. If you just want an ampersand, the remedy is
simple: Just type `I\&' now. But if some right brace
up above has ended a previous alignment prematurely,
you're probably due for more error messages, and you
might try typing `S' now just to see what is salvageable.

Procotolo_deRevisao_import.tex:952: Misplaced alignment tab character &.
l.952 ...subscript{3}, NH\textsubscript{3}, etc. &
                                                   Acurácia, precisão, rec...
I can't figure out why you would want to use a tab mark
here. If you just want an ampersand, the remedy is
simple: Just type `I\&' now. But if some right brace
up above has ended a previous alignment prematurely,
you're probably due for more error messages, and you
might try typing `S' now just to see what is salvageable.

Procotolo_deRevisao_import.tex:952: Misplaced alignment tab character &.
l.952 ...etc. & Acurácia, precisão, recall, F1 &
                                                   Logistic Regression: acur...
I can't figure out why you would want to use a tab mark
here. If you just want an ampersand, the remedy is
simple: Just type `I\&' now. But if some right brace
up above has ended a previous alignment prematurely,
you're probably due for more error messages, and you
might try typing `S' now just to see what is salvageable.

Procotolo_deRevisao_import.tex:953: Misplaced \noalign.
\hline ->\noalign 
                  {\ifnum 0=`}\fi \hrule \@height \arrayrulewidth \futurelet...
l.953 \hline
            
I expect to see \noalign only after the \cr of
an alignment. Proceed, and I'll ignore this case.

Procotolo_deRevisao_import.tex:954: Misplaced alignment tab character &.
l.954 TinyML para cloro (Rodrigues, 2024) &
                                            ESP32-S3, TensorFlow Lite, MLP &...
I can't figure out why you would want to use a tab mark
here. If you just want an ampersand, the remedy is
simple: Just type `I\&' now. But if some right brace
up above has ended a previous alignment prematurely,
you're probably due for more error messages, and you
might try typing `S' now just to see what is salvageable.

Procotolo_deRevisao_import.tex:954: Misplaced alignment tab character &.
l.954 ... 2024) & ESP32-S3, TensorFlow Lite, MLP &
                                                   Na, K (entrada), Cl (saí...
I can't figure out why you would want to use a tab mark
here. If you just want an ampersand, the remedy is
simple: Just type `I\&' now. But if some right brace
up above has ended a previous alignment prematurely,
you're probably due for more error messages, and you
might try typing `S' now just to see what is salvageable.

Procotolo_deRevisao_import.tex:954: Misplaced alignment tab character &.
l.954 ...ite, MLP & Na, K (entrada), Cl (saída) &
                                                   MSE, RMSE, MAE, R\textsup...
I can't figure out why you would want to use a tab mark
here. If you just want an ampersand, the remedy is
simple: Just type `I\&' now. But if some right brace
up above has ended a previous alignment prematurely,
you're probably due for more error messages, and you
might try typing `S' now just to see what is salvageable.

Procotolo_deRevisao_import.tex:954: Misplaced alignment tab character &.
l.954 ...t{2}, tempo inferência, tamanho modelo &
                                                   Modelo final: MSE=3,96; M...
I can't figure out why you would want to use a tab mark
here. If you just want an ampersand, the remedy is
simple: Just type `I\&' now. But if some right brace
up above has ended a previous alignment prematurely,
you're probably due for more error messages, and you
might try typing `S' now just to see what is salvageable.

Procotolo_deRevisao_import.tex:955: Misplaced \noalign.
\hline ->\noalign 
                  {\ifnum 0=`}\fi \hrule \@height \arrayrulewidth \futurelet...
l.955 \hline
            
I expect to see \noalign only after the \cr of
an alignment. Proceed, and I'll ignore this case.


Procotolo_deRevisao_import.tex:956: LaTeX Error: \begin{document} ended by \end{tabularx}.

See the LaTeX manual or LaTeX Companion for explanation.
Type  H <return>  for immediate help.
 ...                                              
                                                  
l.956 \end{tabularx}
                    
Your command was ignored.
Type  I <command> <return>  to replace it with another command,
or  <return>  to continue without it.


Procotolo_deRevisao_import.tex:957: LaTeX Error: \begin{document} ended by \end{table}.

See the LaTeX manual or LaTeX Companion for explanation.
Type  H <return>  for immediate help.
 ...                                              
                                                  
l.957 \end{table}
                 
Your command was ignored.
Type  I <command> <return>  to replace it with another command,
or  <return>  to continue without it.

Procotolo_deRevisao_import.tex:959: Undefined control sequence.
l.959 \subsection
                 *{2. O que já foi publicado?}
The control sequence at the end of the top line
of your error message was never \def'ed. If you have
misspelled it (e.g., `\hobx'), type `I' and the correct
spelling (e.g., `I\hbox'). Otherwise just continue,
and I'll forget about whatever was undefined.


Procotolo_deRevisao_import.tex:964: LaTeX Error: Something's wrong--perhaps a missing \item.

See the LaTeX manual or LaTeX Companion for explanation.
Type  H <return>  for immediate help.
 ...                                              
                                                  
l.964   \item \textbf
                     {Comunicação de longo alcance e baixo consumo (LoRa/L...
Try typing  <return>  to proceed.
If that doesn't work, type  X <return>  to quit.

Procotolo_deRevisao_import.tex:971: Undefined control sequence.
l.971 \subsection
                 *{3. Quais as teorias utilizadas por estudo?}
The control sequence at the end of the top line
of your error message was never \def'ed. If you have
misspelled it (e.g., `\hobx'), type `I' and the correct
spelling (e.g., `I\hbox'). Otherwise just continue,
and I'll forget about whatever was undefined.


Procotolo_deRevisao_import.tex:973: LaTeX Error: Environment table undefined.

See the LaTeX manual or LaTeX Companion for explanation.
Type  H <return>  for immediate help.
 ...                                              
                                                  
l.973 \begin{table}
                   [H]
Your command was ignored.
Type  I <command> <return>  to replace it with another command,
or  <return>  to continue without it.

Procotolo_deRevisao_import.tex:975: Undefined control sequence.
l.975 \small
            
The control sequence at the end of the top line
of your error message was never \def'ed. If you have
misspelled it (e.g., `\hobx'), type `I' and the correct
spelling (e.g., `I\hbox'). Otherwise just continue,
and I'll forget about whatever was undefined.


Procotolo_deRevisao_import.tex:976: LaTeX Error: Environment tabularx undefined.

See the LaTeX manual or LaTeX Companion for explanation.
Type  H <return>  for immediate help.
 ...                                              
                                                  
l.976 \begin{tabularx}
                      {\textwidth}{|p{3.5cm}|X|}
Your command was ignored.
Type  I <command> <return>  to replace it with another command,
or  <return>  to continue without it.

Procotolo_deRevisao_import.tex:976: Missing number, treated as zero.
<to be read again> 
                   }
l.976 \begin{tabularx}{\textwidth}
                                  {|p{3.5cm}|X|}
A number should have been here; I inserted `0'.
(If you can't figure out why I needed to see a number,
look up `weird error' in the index to The TeXbook.)

Procotolo_deRevisao_import.tex:976: Illegal unit of measure (pt inserted).
<to be read again> 
                   }
l.976 \begin{tabularx}{\textwidth}
                                  {|p{3.5cm}|X|}
Dimensions can be in units of em, ex, in, pt, pc,
cm, mm, dd, cc, nd, nc, bp, or sp; but yours is a new one!
I'll assume that you meant to say pt, for printer's points.
To recover gracefully from this error, it's best to
delete the erroneous units; e.g., type `2' to delete
two letters. (See Chapter 27 of The TeXbook.)

Procotolo_deRevisao_import.tex:977: Misplaced \noalign.
\hline ->\noalign 
                  {\ifnum 0=`}\fi \hrule \@height \arrayrulewidth \futurelet...
l.977 \hline
            
I expect to see \noalign only after the \cr of
an alignment. Proceed, and I'll ignore this case.

Procotolo_deRevisao_import.tex:978: Misplaced alignment tab character &.
l.978 \textbf{Trabalho} &
                          \textbf{Teorias / Abordagens} \\
I can't figure out why you would want to use a tab mark
here. If you just want an ampersand, the remedy is
simple: Just type `I\&' now. But if some right brace
up above has ended a previous alignment prematurely,
you're probably due for more error messages, and you
might try typing `S' now just to see what is salvageable.

Procotolo_deRevisao_import.tex:979: Misplaced \noalign.
\hline ->\noalign 
                  {\ifnum 0=`}\fi \hrule \@height \arrayrulewidth \futurelet...
l.979 \hline
            
I expect to see \noalign only after the \cr of
an alignment. Proceed, and I'll ignore this case.

Procotolo_deRevisao_import.tex:980: Misplaced alignment tab character &.
l.980 Silva et al.\ 2024 &
                           Sistemas de tempo real (RTOS) – escalonamento p...
I can't figure out why you would want to use a tab mark
here. If you just want an ampersand, the remedy is
simple: Just type `I\&' now. But if some right brace
up above has ended a previous alignment prematurely,
you're probably due for more error messages, and you
might try typing `S' now just to see what is salvageable.

Procotolo_deRevisao_import.tex:981: Misplaced \noalign.
\hline ->\noalign 
                  {\ifnum 0=`}\fi \hrule \@height \arrayrulewidth \futurelet...
l.981 \hline
            
I expect to see \noalign only after the \cr of
an alignment. Proceed, and I'll ignore this case.

Procotolo_deRevisao_import.tex:982: Misplaced alignment tab character &.
l.982 Ladeira 2025 &
                     Previsão de séries temporais (ARIMA, LSTM, Bi-LSTM); ...
I can't figure out why you would want to use a tab mark
here. If you just want an ampersand, the remedy is
simple: Just type `I\&' now. But if some right brace
up above has ended a previous alignment prematurely,
you're probably due for more error messages, and you
might try typing `S' now just to see what is salvageable.

Procotolo_deRevisao_import.tex:983: Misplaced \noalign.
\hline ->\noalign 
                  {\ifnum 0=`}\fi \hrule \@height \arrayrulewidth \futurelet...
l.983 \hline
            
I expect to see \noalign only after the \cr of
an alignment. Proceed, and I'll ignore this case.

Procotolo_deRevisao_import.tex:984: Misplaced alignment tab character &.
l.984 Villarim 2020 &
                      Espalhamento de luz (Teoria de Mie) para MP; Sensibili...
I can't figure out why you would want to use a tab mark
here. If you just want an ampersand, the remedy is
simple: Just type `I\&' now. But if some right brace
up above has ended a previous alignment prematurely,
you're probably due for more error messages, and you
might try typing `S' now just to see what is salvageable.

Procotolo_deRevisao_import.tex:985: Misplaced \noalign.
\hline ->\noalign 
                  {\ifnum 0=`}\fi \hrule \@height \arrayrulewidth \futurelet...
l.985 \hline
            
I expect to see \noalign only after the \cr of
an alignment. Proceed, and I'll ignore this case.

Procotolo_deRevisao_import.tex:986: Misplaced alignment tab character &.
l.986 Cunha et al.\ 2024 &
                           Arquitetura IoT em camadas; Middleware FIWARE (Or...
I can't figure out why you would want to use a tab mark
here. If you just want an ampersand, the remedy is
simple: Just type `I\&' now. But if some right brace
up above has ended a previous alignment prematurely,
you're probably due for more error messages, and you
might try typing `S' now just to see what is salvageable.

Procotolo_deRevisao_import.tex:987: Misplaced \noalign.
\hline ->\noalign 
                  {\ifnum 0=`}\fi \hrule \@height \arrayrulewidth \futurelet...
l.987 \hline
            
I expect to see \noalign only after the \cr of
an alignment. Proceed, and I'll ignore this case.

Procotolo_deRevisao_import.tex:988: Misplaced alignment tab character &.
l.988 Thaylor et al.\ 2025 &
                             Aprendizado de máquina supervisionado (classif...
I can't figure out why you would want to use a tab mark
here. If you just want an ampersand, the remedy is
simple: Just type `I\&' now. But if some right brace
up above has ended a previous alignment prematurely,
you're probably due for more error messages, and you
might try typing `S' now just to see what is salvageable.

Procotolo_deRevisao_import.tex:989: Misplaced \noalign.
\hline ->\noalign 
                  {\ifnum 0=`}\fi \hrule \@height \arrayrulewidth \futurelet...
l.989 \hline
            
I expect to see \noalign only after the \cr of
an alignment. Proceed, and I'll ignore this case.

Procotolo_deRevisao_import.tex:990: Misplaced alignment tab character &.
l.990 Rodrigues 2024 &
                       TinyML (modelos leves para embarcados); Quantização...
I can't figure out why you would want to use a tab mark
here. If you just want an ampersand, the remedy is
simple: Just type `I\&' now. But if some right brace
up above has ended a previous alignment prematurely,
you're probably due for more error messages, and you
might try typing `S' now just to see what is salvageable.

Procotolo_deRevisao_import.tex:991: Misplaced \noalign.
\hline ->\noalign 
                  {\ifnum 0=`}\fi \hrule \@height \arrayrulewidth \futurelet...
l.991 \hline
            
I expect to see \noalign only after the \cr of
an alignment. Proceed, and I'll ignore this case.


Procotolo_deRevisao_import.tex:992: LaTeX Error: \begin{document} ended by \end{tabularx}.

See the LaTeX manual or LaTeX Companion for explanation.
Type  H <return>  for immediate help.
 ...                                              
                                                  
l.992 \end{tabularx}
                    
Your command was ignored.
Type  I <command> <return>  to replace it with another command,
or  <return>  to continue without it.


Procotolo_deRevisao_import.tex:993: LaTeX Error: \begin{document} ended by \end{table}.

See the LaTeX manual or LaTeX Companion for explanation.
Type  H <return>  for immediate help.
 ...                                              
                                                  
l.993 \end{table}
                 
Your command was ignored.
Type  I <command> <return>  to replace it with another command,
or  <return>  to continue without it.

Procotolo_deRevisao_import.tex:995: Undefined control sequence.
l.995 \subsection
                 *{4. O que é conhecido até recentemente sobre o tema?}
The control sequence at the end of the top line
of your error message was never \def'ed. If you have
misspelled it (e.g., `\hobx'), type `I' and the correct
spelling (e.g., `I\hbox'). Otherwise just continue,
and I'll forget about whatever was undefined.


Procotolo_deRevisao_import.tex:998: LaTeX Error: Something's wrong--perhaps a missing \item.

See the LaTeX manual or LaTeX Companion for explanation.
Type  H <return>  for immediate help.
 ...                                              
                                                  
l.998   \item M
               onitoramento de qualidade do ar em ambientes urbanos e indust...
Try typing  <return>  to proceed.
If that doesn't work, type  X <return>  to quit.

Procotolo_deRevisao_import.tex:1005: Undefined control sequence.
l.1005 \subsection
                  *{5. Indicadores / Métricas / Critérios e seus valores}
The control sequence at the end of the top line
of your error message was never \def'ed. If you have
misspelled it (e.g., `\hobx'), type `I' and the correct
spelling (e.g., `I\hbox'). Otherwise just continue,
and I'll forget about whatever was undefined.


Procotolo_deRevisao_import.tex:1007: LaTeX Error: Environment table undefined.

See the LaTeX manual or LaTeX Companion for explanation.
Type  H <return>  for immediate help.
 ...                                              
                                                  
l.1007 \begin{table}
                    [H]
Your command was ignored.
Type  I <command> <return>  to replace it with another command,
or  <return>  to continue without it.

Procotolo_deRevisao_import.tex:1009: Undefined control sequence.
l.1009 \small
             
The control sequence at the end of the top line
of your error message was never \def'ed. If you have
misspelled it (e.g., `\hobx'), type `I' and the correct
spelling (e.g., `I\hbox'). Otherwise just continue,
and I'll forget about whatever was undefined.


Procotolo_deRevisao_import.tex:1010: LaTeX Error: Environment tabularx undefined.

See the LaTeX manual or LaTeX Companion for explanation.
Type  H <return>  for immediate help.
 ...                                              
                                                  
l.1010 \begin{tabularx}
                       {\textwidth}{|p{3.5cm}|p{4cm}|X|}
Your command was ignored.
Type  I <command> <return>  to replace it with another command,
or  <return>  to continue without it.

Procotolo_deRevisao_import.tex:1010: Missing number, treated as zero.
<to be read again> 
                   }
l.1010 \begin{tabularx}{\textwidth}
                                   {|p{3.5cm}|p{4cm}|X|}
A number should have been here; I inserted `0'.
(If you can't figure out why I needed to see a number,
look up `weird error' in the index to The TeXbook.)

Procotolo_deRevisao_import.tex:1010: Illegal unit of measure (pt inserted).
<to be read again> 
                   }
l.1010 \begin{tabularx}{\textwidth}
                                   {|p{3.5cm}|p{4cm}|X|}
Dimensions can be in units of em, ex, in, pt, pc,
cm, mm, dd, cc, nd, nc, bp, or sp; but yours is a new one!
I'll assume that you meant to say pt, for printer's points.
To recover gracefully from this error, it's best to
delete the erroneous units; e.g., type `2' to delete
two letters. (See Chapter 27 of The TeXbook.)

Procotolo_deRevisao_import.tex:1011: Misplaced \noalign.
\hline ->\noalign 
                  {\ifnum 0=`}\fi \hrule \@height \arrayrulewidth \futurelet...
l.1011 \hline
             
I expect to see \noalign only after the \cr of
an alignment. Proceed, and I'll ignore this case.

Procotolo_deRevisao_import.tex:1012: Misplaced alignment tab character &.
l.1012 \textbf{Indicador} &
                            \textbf{Trabalhos que utilizam} & \textbf{Valore...
I can't figure out why you would want to use a tab mark
here. If you just want an ampersand, the remedy is
simple: Just type `I\&' now. But if some right brace
up above has ended a previous alignment prematurely,
you're probably due for more error messages, and you
might try typing `S' now just to see what is salvageable.

Procotolo_deRevisao_import.tex:1012: Misplaced alignment tab character &.
l.1012 ...dor} & \textbf{Trabalhos que utilizam} &
                                                   \textbf{Valores observado...
I can't figure out why you would want to use a tab mark
here. If you just want an ampersand, the remedy is
simple: Just type `I\&' now. But if some right brace
up above has ended a previous alignment prematurely,
you're probably due for more error messages, and you
might try typing `S' now just to see what is salvageable.

Procotolo_deRevisao_import.tex:1013: Misplaced \noalign.
\hline ->\noalign 
                  {\ifnum 0=`}\fi \hrule \@height \arrayrulewidth \futurelet...
l.1013 \hline
             
I expect to see \noalign only after the \cr of
an alignment. Proceed, and I'll ignore this case.

Procotolo_deRevisao_import.tex:1014: Misplaced alignment tab character &.
l.1014 Throughput (TX/RX) &
                            Silva et al.\ 2024 & TX: 110–178; RX: 99–164 \\
I can't figure out why you would want to use a tab mark
here. If you just want an ampersand, the remedy is
simple: Just type `I\&' now. But if some right brace
up above has ended a previous alignment prematurely,
you're probably due for more error messages, and you
might try typing `S' now just to see what is salvageable.

Procotolo_deRevisao_import.tex:1014: Misplaced alignment tab character &.
l.1014 Throughput (TX/RX) & Silva et al.\ 2024 &
                                                 TX: 110–178; RX: 99–164 \\
I can't figure out why you would want to use a tab mark
here. If you just want an ampersand, the remedy is
simple: Just type `I\&' now. But if some right brace
up above has ended a previous alignment prematurely,
you're probably due for more error messages, and you
might try typing `S' now just to see what is salvageable.

Procotolo_deRevisao_import.tex:1015: Misplaced \noalign.
\hline ->\noalign 
                  {\ifnum 0=`}\fi \hrule \@height \arrayrulewidth \futurelet...
l.1015 \hline
             
I expect to see \noalign only after the \cr of
an alignment. Proceed, and I'll ignore this case.

Procotolo_deRevisao_import.tex:1016: Misplaced alignment tab character &.
l.1016 Intervalo de transmissão &
                                   Silva et al.\ 2024 & 5s (com RTOS) vs 8s ...
I can't figure out why you would want to use a tab mark
here. If you just want an ampersand, the remedy is
simple: Just type `I\&' now. But if some right brace
up above has ended a previous alignment prematurely,
you're probably due for more error messages, and you
might try typing `S' now just to see what is salvageable.

Procotolo_deRevisao_import.tex:1016: Misplaced alignment tab character &.
l.1016 ...o de transmissão & Silva et al.\ 2024 &
                                                   5s (com RTOS) vs 8s (sem) \\
I can't figure out why you would want to use a tab mark
here. If you just want an ampersand, the remedy is
simple: Just type `I\&' now. But if some right brace
up above has ended a previous alignment prematurely,
you're probably due for more error messages, and you
might try typing `S' now just to see what is salvageable.

Procotolo_deRevisao_import.tex:1017: Misplaced \noalign.
\hline ->\noalign 
                  {\ifnum 0=`}\fi \hrule \@height \arrayrulewidth \futurelet...
l.1017 \hline
             
I expect to see \noalign only after the \cr of
an alignment. Proceed, and I'll ignore this case.

Procotolo_deRevisao_import.tex:1018: Misplaced alignment tab character &.
l.1018 Taxa de sucesso (PDR) &
                               Silva et al.\ 2024, Villarim 2020 & 83–89\%...
I can't figure out why you would want to use a tab mark
here. If you just want an ampersand, the remedy is
simple: Just type `I\&' now. But if some right brace
up above has ended a previous alignment prematurely,
you're probably due for more error messages, and you
might try typing `S' now just to see what is salvageable.

Procotolo_deRevisao_import.tex:1018: Misplaced alignment tab character &.
l.1018 ...R) & Silva et al.\ 2024, Villarim 2020 &
                                                   83–89\% (urbano); >95\%...
I can't figure out why you would want to use a tab mark
here. If you just want an ampersand, the remedy is
simple: Just type `I\&' now. But if some right brace
up above has ended a previous alignment prematurely,
you're probably due for more error messages, and you
might try typing `S' now just to see what is salvageable.

Procotolo_deRevisao_import.tex:1019: Misplaced \noalign.
\hline ->\noalign 
                  {\ifnum 0=`}\fi \hrule \@height \arrayrulewidth \futurelet...
l.1019 \hline
             
I expect to see \noalign only after the \cr of
an alignment. Proceed, and I'll ignore this case.

Procotolo_deRevisao_import.tex:1020: Misplaced alignment tab character &.
l.1020 Acurácia de classificação &
                                      Villarim 2020, Thaylor et al.\ 2025 & ...
I can't figure out why you would want to use a tab mark
here. If you just want an ampersand, the remedy is
simple: Just type `I\&' now. But if some right brace
up above has ended a previous alignment prematurely,
you're probably due for more error messages, and you
might try typing `S' now just to see what is salvageable.

Procotolo_deRevisao_import.tex:1020: Misplaced alignment tab character &.
l.1020 ... & Villarim 2020, Thaylor et al.\ 2025 &
                                                   99–100\% \\
I can't figure out why you would want to use a tab mark
here. If you just want an ampersand, the remedy is
simple: Just type `I\&' now. But if some right brace
up above has ended a previous alignment prematurely,
you're probably due for more error messages, and you
might try typing `S' now just to see what is salvageable.

Procotolo_deRevisao_import.tex:1021: Misplaced \noalign.
\hline ->\noalign 
                  {\ifnum 0=`}\fi \hrule \@height \arrayrulewidth \futurelet...
l.1021 \hline
             
I expect to see \noalign only after the \cr of
an alignment. Proceed, and I'll ignore this case.

Procotolo_deRevisao_import.tex:1022: Misplaced alignment tab character &.
l.1022 Erro médio (MAE/MSE) &
                               Ladeira 2025, Rodrigues 2024 & MAE=1,14; MSE=...
I can't figure out why you would want to use a tab mark
here. If you just want an ampersand, the remedy is
simple: Just type `I\&' now. But if some right brace
up above has ended a previous alignment prematurely,
you're probably due for more error messages, and you
might try typing `S' now just to see what is salvageable.

Procotolo_deRevisao_import.tex:1022: Misplaced alignment tab character &.
l.1022 ...AE/MSE) & Ladeira 2025, Rodrigues 2024 &
                                                   MAE=1,14; MSE=3,96 \\
I can't figure out why you would want to use a tab mark
here. If you just want an ampersand, the remedy is
simple: Just type `I\&' now. But if some right brace
up above has ended a previous alignment prematurely,
you're probably due for more error messages, and you
might try typing `S' now just to see what is salvageable.

Procotolo_deRevisao_import.tex:1023: Misplaced \noalign.
\hline ->\noalign 
                  {\ifnum 0=`}\fi \hrule \@height \arrayrulewidth \futurelet...
l.1023 \hline
             
I expect to see \noalign only after the \cr of
an alignment. Proceed, and I'll ignore this case.

Procotolo_deRevisao_import.tex:1024: Misplaced alignment tab character &.
l.1024 ... determinação (R\textsuperscript{2}) &
                                                   Ladeira 2025, Rodrigues 2...
I can't figure out why you would want to use a tab mark
here. If you just want an ampersand, the remedy is
simple: Just type `I\&' now. But if some right brace
up above has ended a previous alignment prematurely,
you're probably due for more error messages, and you
might try typing `S' now just to see what is salvageable.

Procotolo_deRevisao_import.tex:1024: Misplaced alignment tab character &.
l.1024 ...ipt{2}) & Ladeira 2025, Rodrigues 2024 &
                                                   0,95–0,97 \\
I can't figure out why you would want to use a tab mark
here. If you just want an ampersand, the remedy is
simple: Just type `I\&' now. But if some right brace
up above has ended a previous alignment prematurely,
you're probably due for more error messages, and you
might try typing `S' now just to see what is salvageable.

Procotolo_deRevisao_import.tex:1025: Misplaced \noalign.
\hline ->\noalign 
                  {\ifnum 0=`}\fi \hrule \@height \arrayrulewidth \futurelet...
l.1025 \hline
             
I expect to see \noalign only after the \cr of
an alignment. Proceed, and I'll ignore this case.

Procotolo_deRevisao_import.tex:1026: Misplaced alignment tab character &.
l.1026 Tempo de inferência &
                              Ladeira 2025, Rodrigues 2024 & 49 µs (ESP32) \\
I can't figure out why you would want to use a tab mark
here. If you just want an ampersand, the remedy is
simple: Just type `I\&' now. But if some right brace
up above has ended a previous alignment prematurely,
you're probably due for more error messages, and you
might try typing `S' now just to see what is salvageable.

Procotolo_deRevisao_import.tex:1026: Misplaced alignment tab character &.
l.1026 ...rência & Ladeira 2025, Rodrigues 2024 &
                                                   49 µs (ESP32) \\
I can't figure out why you would want to use a tab mark
here. If you just want an ampersand, the remedy is
simple: Just type `I\&' now. But if some right brace
up above has ended a previous alignment prematurely,
you're probably due for more error messages, and you
might try typing `S' now just to see what is salvageable.

Procotolo_deRevisao_import.tex:1027: Misplaced \noalign.
\hline ->\noalign 
                  {\ifnum 0=`}\fi \hrule \@height \arrayrulewidth \futurelet...
l.1027 \hline
             
I expect to see \noalign only after the \cr of
an alignment. Proceed, and I'll ignore this case.

Procotolo_deRevisao_import.tex:1028: Misplaced alignment tab character &.
l.1028 Redução de tamanho de modelo &
                                        Rodrigues 2024 & 93,7\% \\
I can't figure out why you would want to use a tab mark
here. If you just want an ampersand, the remedy is
simple: Just type `I\&' now. But if some right brace
up above has ended a previous alignment prematurely,
you're probably due for more error messages, and you
might try typing `S' now just to see what is salvageable.

Procotolo_deRevisao_import.tex:1028: Misplaced alignment tab character &.
l.1028 ... de tamanho de modelo & Rodrigues 2024 &
                                                   93,7\% \\
I can't figure out why you would want to use a tab mark
here. If you just want an ampersand, the remedy is
simple: Just type `I\&' now. But if some right brace
up above has ended a previous alignment prematurely,
you're probably due for more error messages, and you
might try typing `S' now just to see what is salvageable.

Procotolo_deRevisao_import.tex:1029: Misplaced \noalign.
\hline ->\noalign 
                  {\ifnum 0=`}\fi \hrule \@height \arrayrulewidth \futurelet...
l.1029 \hline
             
I expect to see \noalign only after the \cr of
an alignment. Proceed, and I'll ignore this case.

Procotolo_deRevisao_import.tex:1030: Misplaced alignment tab character &.
l.1030 Correlação linear &
                             Villarim 2020 & R\textsuperscript{2}=0,967 (PPD...
I can't figure out why you would want to use a tab mark
here. If you just want an ampersand, the remedy is
simple: Just type `I\&' now. But if some right brace
up above has ended a previous alignment prematurely,
you're probably due for more error messages, and you
might try typing `S' now just to see what is salvageable.

Procotolo_deRevisao_import.tex:1030: Misplaced alignment tab character &.
l.1030 Correlação linear & Villarim 2020 &
                                             R\textsuperscript{2}=0,967 (PPD...
I can't figure out why you would want to use a tab mark
here. If you just want an ampersand, the remedy is
simple: Just type `I\&' now. But if some right brace
up above has ended a previous alignment prematurely,
you're probably due for more error messages, and you
might try typing `S' now just to see what is salvageable.

Procotolo_deRevisao_import.tex:1031: Misplaced \noalign.
\hline ->\noalign 
                  {\ifnum 0=`}\fi \hrule \@height \arrayrulewidth \futurelet...
l.1031 \hline
             
I expect to see \noalign only after the \cr of
an alignment. Proceed, and I'll ignore this case.

Procotolo_deRevisao_import.tex:1032: Misplaced alignment tab character &.
l.1032 Consumo de corrente &
                             Rodrigues 2024 & Média 43,8 mA; pico 49,8 mA \\
I can't figure out why you would want to use a tab mark
here. If you just want an ampersand, the remedy is
simple: Just type `I\&' now. But if some right brace
up above has ended a previous alignment prematurely,
you're probably due for more error messages, and you
might try typing `S' now just to see what is salvageable.

Procotolo_deRevisao_import.tex:1032: Misplaced alignment tab character &.
l.1032 Consumo de corrente & Rodrigues 2024 &
                                              Média 43,8 mA; pico 49,8 mA \\
I can't figure out why you would want to use a tab mark
here. If you just want an ampersand, the remedy is
simple: Just type `I\&' now. But if some right brace
up above has ended a previous alignment prematurely,
you're probably due for more error messages, and you
might try typing `S' now just to see what is salvageable.

Procotolo_deRevisao_import.tex:1033: Misplaced \noalign.
\hline ->\noalign 
                  {\ifnum 0=`}\fi \hrule \@height \arrayrulewidth \futurelet...
l.1033 \hline
             
I expect to see \noalign only after the \cr of
an alignment. Proceed, and I'll ignore this case.


Procotolo_deRevisao_import.tex:1034: LaTeX Error: \begin{document} ended by \end{tabularx}.

See the LaTeX manual or LaTeX Companion for explanation.
Type  H <return>  for immediate help.
 ...                                              
                                                  
l.1034 \end{tabularx}
                     
Your command was ignored.
Type  I <command> <return>  to replace it with another command,
or  <return>  to continue without it.


Procotolo_deRevisao_import.tex:1035: LaTeX Error: \begin{document} ended by \end{table}.

See the LaTeX manual or LaTeX Companion for explanation.
Type  H <return>  for immediate help.
 ...                                              
                                                  
l.1035 \end{table}
                  
Your command was ignored.
Type  I <command> <return>  to replace it with another command,
or  <return>  to continue without it.

Procotolo_deRevisao_import.tex:1037: Undefined control sequence.
l.1037 \subsection
                  *{6. Comparações críticas}
The control sequence at the end of the top line
of your error message was never \def'ed. If you have
misspelled it (e.g., `\hobx'), type `I' and the correct
spelling (e.g., `I\hbox'). Otherwise just continue,
and I'll forget about whatever was undefined.

Procotolo_deRevisao_import.tex:1039: Undefined control sequence.
l.1039 \subsubsection
                     *{6.1. Abordagens de comunicação}
The control sequence at the end of the top line
of your error message was never \def'ed. If you have
misspelled it (e.g., `\hobx'), type `I' and the correct
spelling (e.g., `I\hbox'). Otherwise just continue,
and I'll forget about whatever was undefined.

Procotolo_deRevisao_import.tex:1045: Undefined control sequence.
l.1045 \subsubsection
                     *{6.2. Modelagem e inteligência artificial}
The control sequence at the end of the top line
of your error message was never \def'ed. If you have
misspelled it (e.g., `\hobx'), type `I' and the correct
spelling (e.g., `I\hbox'). Otherwise just continue,
and I'll forget about whatever was undefined.

Procotolo_deRevisao_import.tex:1053: Undefined control sequence.
l.1053 \subsubsection
                     *{6.3. Middleware e arquitetura}
The control sequence at the end of the top line
of your error message was never \def'ed. If you have
misspelled it (e.g., `\hobx'), type `I' and the correct
spelling (e.g., `I\hbox'). Otherwise just continue,
and I'll forget about whatever was undefined.

Procotolo_deRevisao_import.tex:1059: Undefined control sequence.
l.1059 \subsubsection
                     *{6.4. Calibração e validação metrológica}
The control sequence at the end of the top line
of your error message was never \def'ed. If you have
misspelled it (e.g., `\hobx'), type `I' and the correct
spelling (e.g., `I\hbox'). Otherwise just continue,
and I'll forget about whatever was undefined.

Procotolo_deRevisao_import.tex:1063: Undefined control sequence.
l.1063 \subsubsection
                     *{6.5. Consumo energético}
The control sequence at the end of the top line
of your error message was never \def'ed. If you have
misspelled it (e.g., `\hobx'), type `I' and the correct
spelling (e.g., `I\hbox'). Otherwise just continue,
and I'll forget about whatever was undefined.

Procotolo_deRevisao_import.tex:1067: Undefined control sequence.
l.1067 \subsection
                  *{7. Lacunas existentes}
The control sequence at the end of the top line
of your error message was never \def'ed. If you have
misspelled it (e.g., `\hobx'), type `I' and the correct
spelling (e.g., `I\hbox'). Otherwise just continue,
and I'll forget about whatever was undefined.


Procotolo_deRevisao_import.tex:1071: LaTeX Error: Environment table undefined.

See the LaTeX manual or LaTeX Companion for explanation.
Type  H <return>  for immediate help.
 ...                                              
                                                  
l.1071 \begin{table}
                    [H]
Your command was ignored.
Type  I <command> <return>  to replace it with another command,
or  <return>  to continue without it.

Procotolo_deRevisao_import.tex:1073: Undefined control sequence.
l.1073 \small
             
The control sequence at the end of the top line
of your error message was never \def'ed. If you have
misspelled it (e.g., `\hobx'), type `I' and the correct
spelling (e.g., `I\hbox'). Otherwise just continue,
and I'll forget about whatever was undefined.


Procotolo_deRevisao_import.tex:1074: LaTeX Error: Environment tabularx undefined.

See the LaTeX manual or LaTeX Companion for explanation.
Type  H <return>  for immediate help.
 ...                                              
                                                  
l.1074 \begin{tabularx}
                       {\textwidth}{|p{3.5cm}|X|}
Your command was ignored.
Type  I <command> <return>  to replace it with another command,
or  <return>  to continue without it.

Procotolo_deRevisao_import.tex:1074: Missing number, treated as zero.
<to be read again> 
                   }
l.1074 \begin{tabularx}{\textwidth}
                                   {|p{3.5cm}|X|}
A number should have been here; I inserted `0'.
(If you can't figure out why I needed to see a number,
look up `weird error' in the index to The TeXbook.)

Procotolo_deRevisao_import.tex:1074: Illegal unit of measure (pt inserted).
<to be read again> 
                   }
l.1074 \begin{tabularx}{\textwidth}
                                   {|p{3.5cm}|X|}
Dimensions can be in units of em, ex, in, pt, pc,
cm, mm, dd, cc, nd, nc, bp, or sp; but yours is a new one!
I'll assume that you meant to say pt, for printer's points.
To recover gracefully from this error, it's best to
delete the erroneous units; e.g., type `2' to delete
two letters. (See Chapter 27 of The TeXbook.)

Procotolo_deRevisao_import.tex:1075: Misplaced \noalign.
\hline ->\noalign 
                  {\ifnum 0=`}\fi \hrule \@height \arrayrulewidth \futurelet...
l.1075 \hline
             
I expect to see \noalign only after the \cr of
an alignment. Proceed, and I'll ignore this case.

Procotolo_deRevisao_import.tex:1076: Misplaced alignment tab character &.
l.1076 \textbf{Lacuna} &
                         \textbf{Descrição} \\
I can't figure out why you would want to use a tab mark
here. If you just want an ampersand, the remedy is
simple: Just type `I\&' now. But if some right brace
up above has ended a previous alignment prematurely,
you're probably due for more error messages, and you
might try typing `S' now just to see what is salvageable.

Procotolo_deRevisao_import.tex:1077: Misplaced \noalign.
\hline ->\noalign 
                  {\ifnum 0=`}\fi \hrule \@height \arrayrulewidth \futurelet...
l.1077 \hline
             
I expect to see \noalign only after the \cr of
an alignment. Proceed, and I'll ignore this case.

Procotolo_deRevisao_import.tex:1078: Misplaced alignment tab character &.
l.1078 Integração completa &
                               Nenhum trabalho une coleta por sensores físi...
I can't figure out why you would want to use a tab mark
here. If you just want an ampersand, the remedy is
simple: Just type `I\&' now. But if some right brace
up above has ended a previous alignment prematurely,
you're probably due for more error messages, and you
might try typing `S' now just to see what is salvageable.

Procotolo_deRevisao_import.tex:1079: Misplaced \noalign.
\hline ->\noalign 
                  {\ifnum 0=`}\fi \hrule \@height \arrayrulewidth \futurelet...
l.1079 \hline
             
I expect to see \noalign only after the \cr of
an alignment. Proceed, and I'll ignore this case.

Procotolo_deRevisao_import.tex:1080: Misplaced alignment tab character &.
l.1080 Calibração de sensores MQ em campo &
                                              Os sensores MQ (sensibilidade ...
I can't figure out why you would want to use a tab mark
here. If you just want an ampersand, the remedy is
simple: Just type `I\&' now. But if some right brace
up above has ended a previous alignment prematurely,
you're probably due for more error messages, and you
might try typing `S' now just to see what is salvageable.

Procotolo_deRevisao_import.tex:1081: Misplaced \noalign.
\hline ->\noalign 
                  {\ifnum 0=`}\fi \hrule \@height \arrayrulewidth \futurelet...
l.1081 \hline
             
I expect to see \noalign only after the \cr of
an alignment. Proceed, and I'll ignore this case.

Procotolo_deRevisao_import.tex:1082: Misplaced alignment tab character &.
l.1082 ...dação em ambientes industriais reais &
                                                   Apenas Rodrigues (2024) m...
I can't figure out why you would want to use a tab mark
here. If you just want an ampersand, the remedy is
simple: Just type `I\&' now. But if some right brace
up above has ended a previous alignment prematurely,
you're probably due for more error messages, and you
might try typing `S' now just to see what is salvageable.

Procotolo_deRevisao_import.tex:1083: Misplaced \noalign.
\hline ->\noalign 
                  {\ifnum 0=`}\fi \hrule \@height \arrayrulewidth \futurelet...
l.1083 \hline
             
I expect to see \noalign only after the \cr of
an alignment. Proceed, and I'll ignore this case.

Procotolo_deRevisao_import.tex:1084: Misplaced alignment tab character &.
l.1084 Escalabilidade da rede LoRa &
                                     Testes usam poucos nós (1-5). Não há...
I can't figure out why you would want to use a tab mark
here. If you just want an ampersand, the remedy is
simple: Just type `I\&' now. But if some right brace
up above has ended a previous alignment prematurely,
you're probably due for more error messages, and you
might try typing `S' now just to see what is salvageable.

Procotolo_deRevisao_import.tex:1085: Misplaced \noalign.
\hline ->\noalign 
                  {\ifnum 0=`}\fi \hrule \@height \arrayrulewidth \futurelet...
l.1085 \hline
             
I expect to see \noalign only after the \cr of
an alignment. Proceed, and I'll ignore this case.

Procotolo_deRevisao_import.tex:1086: Misplaced alignment tab character &.
l.1086 Consumo energético detalhado &
                                       Ausência de medição de corrente po...
I can't figure out why you would want to use a tab mark
here. If you just want an ampersand, the remedy is
simple: Just type `I\&' now. But if some right brace
up above has ended a previous alignment prematurely,
you're probably due for more error messages, and you
might try typing `S' now just to see what is salvageable.

Procotolo_deRevisao_import.tex:1087: Misplaced \noalign.
\hline ->\noalign 
                  {\ifnum 0=`}\fi \hrule \@height \arrayrulewidth \futurelet...
l.1087 \hline
             
I expect to see \noalign only after the \cr of
an alignment. Proceed, and I'll ignore this case.

Procotolo_deRevisao_import.tex:1088: Misplaced alignment tab character &.
l.1088 Explicabilidade dos modelos &
                                     Nenhum trabalho analisa a importância ...
I can't figure out why you would want to use a tab mark
here. If you just want an ampersand, the remedy is
simple: Just type `I\&' now. But if some right brace
up above has ended a previous alignment prematurely,
you're probably due for more error messages, and you
might try typing `S' now just to see what is salvageable.

Procotolo_deRevisao_import.tex:1089: Misplaced \noalign.
\hline ->\noalign 
                  {\ifnum 0=`}\fi \hrule \@height \arrayrulewidth \futurelet...
l.1089 \hline
             
I expect to see \noalign only after the \cr of
an alignment. Proceed, and I'll ignore this case.

Procotolo_deRevisao_import.tex:1090: Misplaced alignment tab character &.
l.1090 ...ção entre técnicas de quantização &
                                                   Rodrigues (2024) compara ...
I can't figure out why you would want to use a tab mark
here. If you just want an ampersand, the remedy is
simple: Just type `I\&' now. But if some right brace
up above has ended a previous alignment prematurely,
you're probably due for more error messages, and you
might try typing `S' now just to see what is salvageable.

Procotolo_deRevisao_import.tex:1091: Misplaced \noalign.
\hline ->\noalign 
                  {\ifnum 0=`}\fi \hrule \@height \arrayrulewidth \futurelet...
l.1091 \hline
             
I expect to see \noalign only after the \cr of
an alignment. Proceed, and I'll ignore this case.

Procotolo_deRevisao_import.tex:1092: Misplaced alignment tab character &.
l.1092 ...los poluentes em tempo real com TinyML &
                                                   Os modelos atuais preveem...
I can't figure out why you would want to use a tab mark
here. If you just want an ampersand, the remedy is
simple: Just type `I\&' now. But if some right brace
up above has ended a previous alignment prematurely,
you're probably due for more error messages, and you
might try typing `S' now just to see what is salvageable.

Procotolo_deRevisao_import.tex:1093: Misplaced \noalign.
\hline ->\noalign 
                  {\ifnum 0=`}\fi \hrule \@height \arrayrulewidth \futurelet...
l.1093 \hline
             
I expect to see \noalign only after the \cr of
an alignment. Proceed, and I'll ignore this case.

Procotolo_deRevisao_import.tex:1094: Misplaced alignment tab character &.
l.1094 Uso de RTOS com TinyML &
                                Silva et al.\ (2024) mostram ganhos do FreeR...
I can't figure out why you would want to use a tab mark
here. If you just want an ampersand, the remedy is
simple: Just type `I\&' now. But if some right brace
up above has ended a previous alignment prematurely,
you're probably due for more error messages, and you
might try typing `S' now just to see what is salvageable.

Procotolo_deRevisao_import.tex:1095: Misplaced \noalign.
\hline ->\noalign 
                  {\ifnum 0=`}\fi \hrule \@height \arrayrulewidth \futurelet...
l.1095 \hline
             
I expect to see \noalign only after the \cr of
an alignment. Proceed, and I'll ignore this case.

Procotolo_deRevisao_import.tex:1096: Misplaced alignment tab character &.
l.1096 Disponibilidade de datasets públicos &
                                               A maioria usa dados próprios...
I can't figure out why you would want to use a tab mark
here. If you just want an ampersand, the remedy is
simple: Just type `I\&' now. But if some right brace
up above has ended a previous alignment prematurely,
you're probably due for more error messages, and you
might try typing `S' now just to see what is salvageable.

Procotolo_deRevisao_import.tex:1097: Misplaced \noalign.
\hline ->\noalign 
                  {\ifnum 0=`}\fi \hrule \@height \arrayrulewidth \futurelet...
l.1097 \hline
             
I expect to see \noalign only after the \cr of
an alignment. Proceed, and I'll ignore this case.


Procotolo_deRevisao_import.tex:1098: LaTeX Error: \begin{document} ended by \end{tabularx}.

See the LaTeX manual or LaTeX Companion for explanation.
Type  H <return>  for immediate help.
 ...                                              
                                                  
l.1098 \end{tabularx}
                     
Your command was ignored.
Type  I <command> <return>  to replace it with another command,
or  <return>  to continue without it.


Procotolo_deRevisao_import.tex:1099: LaTeX Error: \begin{document} ended by \end{table}.

See the LaTeX manual or LaTeX Companion for explanation.
Type  H <return>  for immediate help.
 ...                                              
                                                  
l.1099 \end{table}
                  
Your command was ignored.
Type  I <command> <return>  to replace it with another command,
or  <return>  to continue without it.

Procotolo_deRevisao_import.tex:1101: Undefined control sequence.
l.1101 \subsection
                  *{8. Conclusão da análise}
The control sequence at the end of the top line
of your error message was never \def'ed. If you have
misspelled it (e.g., `\hobx'), type `I' and the correct
spelling (e.g., `I\hbox'). Otherwise just continue,
and I'll forget about whatever was undefined.


Procotolo_deRevisao_import.tex:1105: LaTeX Error: The font size command \normalsize is not defined:
               there is probably something wrong with the class file.

See the LaTeX manual or LaTeX Companion for explanation.
Type  H <return>  for immediate help.
 ...                                              
                                                  
l.1105 \newpage
               
Your command was ignored.
Type  I <command> <return>  to replace it with another command,
or  <return>  to continue without it.

[5])
! Emergency stop.
<*> ./Procotolo_deRevisao_import.tex
                                    
*** (job aborted, no legal \end found)

 
Here is how much of TeX's memory you used:
 325 strings out of 467509
 8186 string characters out of 5407801
 755345 words of memory out of 5000000
 29652 multiletter control sequences out of 15000+600000
 628872 words of font info for 44 fonts, out of 8000000 for 9000
 1141 hyphenation exceptions out of 8191
 29i,8n,34p,2008b,701s stack positions out of 10000i,1000n,20000p,200000b,200000s
!  ==> Fatal error occurred, no output PDF file produced!
